year,gender,multivolume_novel,single_novel_author,surviving,first_edition_digital_surrogate,sampling_weight
1837,m,0,0,0,0,0.2543103448275872
1837,m,0,0,0,1,0.0
1837,m,0,0,1,0,1.0172413793103452
1837,m,0,0,1,1,12.71551724137931
1837,m,0,1,0,0,0.2543103448275863
1837,m,0,1,0,1,0.0
1837,m,0,1,1,0,1.0172413793103443
1837,m,0,1,1,1,6.866379310344827
1837,m,1,0,0,0,0.3793103448275872
1837,m,1,0,0,1,0.0
1837,m,1,0,1,0,1.5172413793103452
1837,m,1,0,1,1,18.96551724137931
1837,m,1,1,0,0,0.3793103448275854
1837,m,1,1,0,1,0.0
1837,m,1,1,1,0,1.5172413793103452
1837,m,1,1,1,1,10.241379310344827
1837,w,0,0,0,0,0.21839080459770166
1837,w,0,0,0,1,0.0
1837,w,0,0,1,0,0.8735632183908049
1837,w,0,0,1,1,10.919540229885056
1837,w,0,1,0,0,0.21839080459770077
1837,w,0,1,0,1,0.0
1837,w,0,1,1,0,0.8735632183908049
1837,w,0,1,1,1,5.8965517241379315
1837,w,1,0,0,0,0.19540229885057414
1837,w,1,0,0,1,0.0
1837,w,1,0,1,0,0.7816091954023001
1837,w,1,0,1,1,9.770114942528735
1837,w,1,1,0,0,0.19540229885057503
1837,w,1,1,0,1,0.0
1837,w,1,1,1,0,0.7816091954022983
1837,w,1,1,1,1,5.275862068965517
1837,u,0,0,0,0,0.10057471264367823
1837,u,0,0,0,1,0.0
1837,u,0,0,1,0,0.40229885057471293
1837,u,0,0,1,1,5.028735632183908
1837,u,0,1,0,0,0.10057471264367823
1837,u,0,1,0,1,0.0
1837,u,0,1,1,0,0.4022988505747125
1837,u,0,1,1,1,2.71551724137931
1837,u,1,0,0,0,0.08045977011494276
1837,u,1,0,0,1,0.0
1837,u,1,0,1,0,0.32183908045977017
1837,u,1,0,1,1,4.022988505747126
1837,u,1,1,0,0,0.08045977011494276
1837,u,1,1,0,1,0.0
1837,u,1,1,1,0,0.32183908045977017
1837,u,1,1,1,1,2.1724137931034484
1838,m,0,0,0,0,0.30028735632183867
1838,m,0,0,0,1,0.0
1838,m,0,0,1,0,1.2011494252873565
1838,m,0,0,1,1,15.014367816091953
1838,m,0,1,0,0,0.30028735632183867
1838,m,0,1,0,1,0.0
1838,m,0,1,1,0,1.2011494252873565
1838,m,0,1,1,1,8.107758620689657
1838,m,1,0,0,0,0.33333333333333215
1838,m,1,0,0,1,0.0
1838,m,1,0,1,0,1.3333333333333357
1838,m,1,0,1,1,16.666666666666664
1838,m,1,1,0,0,0.3333333333333339
1838,m,1,1,0,1,0.0
1838,m,1,1,1,0,1.3333333333333321
1838,m,1,1,1,1,9.000000000000002
1838,w,0,0,0,0,0.2543103448275872
1838,w,0,0,0,1,0.0
1838,w,0,0,1,0,1.0172413793103452
1838,w,0,0,1,1,12.71551724137931
1838,w,0,1,0,0,0.2543103448275863
1838,w,0,1,0,1,0.0
1838,w,0,1,1,0,1.0172413793103443
1838,w,0,1,1,1,6.866379310344827
1838,w,1,0,0,0,0.1724137931034484
1838,w,1,0,0,1,0.0
1838,w,1,0,1,0,0.6896551724137936
1838,w,1,0,1,1,8.620689655172413
1838,w,1,1,0,0,0.1724137931034484
1838,w,1,1,0,1,0.0
1838,w,1,1,1,0,0.6896551724137927
1838,w,1,1,1,1,4.655172413793104
1838,u,0,0,0,0,0.12356321839080486
1838,u,0,0,0,1,0.0
1838,u,0,0,1,0,0.49425287356321856
1838,u,0,0,1,1,6.17816091954023
1838,u,0,1,0,0,0.12356321839080442
1838,u,0,1,0,1,0.0
1838,u,0,1,1,0,0.49425287356321856
1838,u,0,1,1,1,3.3362068965517238
1838,u,1,0,0,0,0.05747126436781613
1838,u,1,0,0,1,0.0
1838,u,1,0,1,0,0.22988505747126453
1838,u,1,0,1,1,2.8735632183908044
1838,u,1,1,0,0,0.05747126436781613
1838,u,1,1,0,1,0.0
1838,u,1,1,1,0,0.2298850574712643
1838,u,1,1,1,1,1.5517241379310345
1839,m,0,0,0,0,0.27011494252873547
1839,m,0,0,0,1,0.0
1839,m,0,0,1,0,1.0804597701149437
1839,m,0,0,1,1,13.50574712643678
1839,m,0,1,0,0,0.27011494252873547
1839,m,0,1,0,1,0.0
1839,m,0,1,1,0,1.0804597701149428
1839,m,0,1,1,1,7.293103448275862
1839,m,1,0,0,0,0.40229885057471293
1839,m,1,0,0,1,0.0
1839,m,1,0,1,0,1.6091954022988517
1839,m,1,0,1,1,20.114942528735632
1839,m,1,1,0,0,0.40229885057471293
1839,m,1,1,0,1,0.0
1839,m,1,1,1,0,1.60919540229885
1839,m,1,1,1,1,10.86206896551724
1839,w,0,0,0,0,0.2241379310344822
1839,w,0,0,0,1,0.0
1839,w,0,0,1,0,0.8965517241379324
1839,w,0,0,1,1,11.206896551724137
1839,w,0,1,0,0,0.2241379310344831
1839,w,0,1,0,1,0.0
1839,w,0,1,1,0,0.8965517241379306
1839,w,0,1,1,1,6.051724137931035
1839,w,1,0,0,0,0.2413793103448274
1839,w,1,0,0,1,0.0
1839,w,1,0,1,0,0.9655172413793114
1839,w,1,0,1,1,12.068965517241379
1839,w,1,1,0,0,0.2413793103448274
1839,w,1,1,0,1,0.0
1839,w,1,1,1,0,0.9655172413793105
1839,w,1,1,1,1,6.517241379310344
1839,u,0,0,0,0,0.13649425287356287
1839,u,0,0,0,1,0.0
1839,u,0,0,1,0,0.5459770114942533
1839,u,0,0,1,1,6.824712643678161
1839,u,0,1,0,0,0.13649425287356287
1839,u,0,1,0,1,0.0
1839,u,0,1,1,0,0.5459770114942533
1839,u,0,1,1,1,3.6853448275862064
1839,u,1,0,0,0,0.05747126436781613
1839,u,1,0,0,1,0.0
1839,u,1,0,1,0,0.22988505747126453
1839,u,1,0,1,1,2.8735632183908044
1839,u,1,1,0,0,0.05747126436781613
1839,u,1,1,0,1,0.0
1839,u,1,1,1,0,0.2298850574712643
1839,u,1,1,1,1,1.5517241379310345
1840,m,0,0,0,0,0.25718390804597746
1840,m,0,0,0,1,0.0
1840,m,0,0,1,0,1.028735632183908
1840,m,0,0,1,1,12.85919540229885
1840,m,0,1,0,0,0.25718390804597746
1840,m,0,1,0,1,0.0
1840,m,0,1,1,0,1.028735632183908
1840,m,0,1,1,1,6.943965517241379
1840,m,1,0,0,0,0.40229885057471293
1840,m,1,0,0,1,0.0
1840,m,1,0,1,0,1.6091954022988517
1840,m,1,0,1,1,20.114942528735632
1840,m,1,1,0,0,0.40229885057471293
1840,m,1,1,0,1,0.0
1840,m,1,1,1,0,1.60919540229885
1840,m,1,1,1,1,10.86206896551724
1840,w,0,0,0,0,0.1551724137931032
1840,w,0,0,0,1,0.0
1840,w,0,0,1,0,0.6206896551724146
1840,w,0,0,1,1,7.758620689655173
1840,w,0,1,0,0,0.1551724137931032
1840,w,0,1,0,1,0.0
1840,w,0,1,1,0,0.6206896551724137
1840,w,0,1,1,1,4.189655172413793
1840,w,1,0,0,0,0.3103448275862064
1840,w,1,0,0,1,0.0
1840,w,1,0,1,0,1.2413793103448292
1840,w,1,0,1,1,15.517241379310345
1840,w,1,1,0,0,0.3103448275862064
1840,w,1,1,0,1,0.0
1840,w,1,1,1,0,1.2413793103448274
1840,w,1,1,1,1,8.379310344827585
1840,u,0,0,0,0,0.0905172413793105
1840,u,0,0,0,1,0.0
1840,u,0,0,1,0,0.3620689655172411
1840,u,0,0,1,1,4.525862068965518
1840,u,0,1,0,0,0.0905172413793105
1840,u,0,1,0,1,0.0
1840,u,0,1,1,0,0.3620689655172411
1840,u,0,1,1,1,2.443965517241379
1840,u,1,0,0,0,0.1034482758620694
1840,u,1,0,0,1,0.0
1840,u,1,0,1,0,0.4137931034482758
1840,u,1,0,1,1,5.172413793103448
1840,u,1,1,0,0,0.10344827586206895
1840,u,1,1,0,1,0.0
1840,u,1,1,1,0,0.4137931034482758
1840,u,1,1,1,1,2.7931034482758617
1841,m,0,0,0,0,0.13218390804597746
1841,m,0,0,0,1,0.0
1841,m,0,0,1,0,0.5287356321839081
1841,m,0,0,1,1,6.60919540229885
1841,m,0,1,0,0,0.13218390804597746
1841,m,0,1,0,1,0.0
1841,m,0,1,1,0,0.5287356321839076
1841,m,0,1,1,1,3.5689655172413794
1841,m,1,0,0,0,0.5402298850574709
1841,m,1,0,0,1,0.0
1841,m,1,0,1,0,2.1609195402298873
1841,m,1,0,1,1,27.01149425287356
1841,m,1,1,0,0,0.5402298850574709
1841,m,1,1,0,1,0.0
1841,m,1,1,1,0,2.1609195402298855
1841,m,1,1,1,1,14.586206896551724
1841,w,0,0,0,0,0.2155172413793096
1841,w,0,0,0,1,0.0
1841,w,0,0,1,0,0.862068965517242
1841,w,0,0,1,1,10.775862068965518
1841,w,0,1,0,0,0.2155172413793105
1841,w,0,1,0,1,0.0
1841,w,0,1,1,0,0.8620689655172411
1841,w,0,1,1,1,5.818965517241379
1841,w,1,0,0,0,0.2758620689655178
1841,w,1,0,0,1,0.0
1841,w,1,0,1,0,1.1034482758620694
1841,w,1,0,1,1,13.793103448275861
1841,w,1,1,0,0,0.2758620689655178
1841,w,1,1,0,1,0.0
1841,w,1,1,1,0,1.1034482758620685
1841,w,1,1,1,1,7.448275862068965
1841,u,0,0,0,0,0.16091954022988553
1841,u,0,0,0,1,0.0
1841,u,0,0,1,0,0.6436781609195403
1841,u,0,0,1,1,8.045977011494251
1841,u,0,1,0,0,0.16091954022988553
1841,u,0,1,0,1,0.0
1841,u,0,1,1,0,0.6436781609195403
1841,u,0,1,1,1,4.344827586206897
1841,u,1,0,0,0,0.04597701149425282
1841,u,1,0,0,1,0.0
1841,u,1,0,1,0,0.1839080459770117
1841,u,1,0,1,1,2.2988505747126435
1841,u,1,1,0,0,0.04597701149425282
1841,u,1,1,0,1,0.0
1841,u,1,1,1,0,0.1839080459770115
1841,u,1,1,1,1,1.2413793103448276
1842,m,0,0,0,0,0.3189655172413808
1842,m,0,0,0,1,0.0
1842,m,0,0,1,0,1.275862068965516
1842,m,0,0,1,1,15.948275862068964
1842,m,0,1,0,0,0.318965517241379
1842,m,0,1,0,1,0.0
1842,m,0,1,1,0,1.2758620689655178
1842,m,0,1,1,1,8.612068965517242
1842,m,1,0,0,0,0.3793103448275872
1842,m,1,0,0,1,0.0
1842,m,1,0,1,0,1.5172413793103452
1842,m,1,0,1,1,18.96551724137931
1842,m,1,1,0,0,0.3793103448275854
1842,m,1,1,0,1,0.0
1842,m,1,1,1,0,1.5172413793103452
1842,m,1,1,1,1,10.241379310344827
1842,w,0,0,0,0,0.2068965517241388
1842,w,0,0,0,1,0.0
1842,w,0,0,1,0,0.8275862068965516
1842,w,0,0,1,1,10.344827586206897
1842,w,0,1,0,0,0.2068965517241379
1842,w,0,1,0,1,0.0
1842,w,0,1,1,0,0.8275862068965516
1842,w,0,1,1,1,5.586206896551723
1842,w,1,0,0,0,0.3103448275862064
1842,w,1,0,0,1,0.0
1842,w,1,0,1,0,1.2413793103448292
1842,w,1,0,1,1,15.517241379310345
1842,w,1,1,0,0,0.3103448275862064
1842,w,1,1,0,1,0.0
1842,w,1,1,1,0,1.2413793103448274
1842,w,1,1,1,1,8.379310344827585
1842,u,0,0,0,0,0.1508620689655178
1842,u,0,0,0,1,0.0
1842,u,0,0,1,0,0.6034482758620685
1842,u,0,0,1,1,7.543103448275862
1842,u,0,1,0,0,0.1508620689655169
1842,u,0,1,0,1,0.0
1842,u,0,1,1,0,0.6034482758620694
1842,u,0,1,1,1,4.073275862068965
1842,u,1,0,0,0,0.06896551724137945
1842,u,1,0,0,1,0.0
1842,u,1,0,1,0,0.27586206896551735
1842,u,1,0,1,1,3.4482758620689653
1842,u,1,1,0,0,0.06896551724137945
1842,u,1,1,0,1,0.0
1842,u,1,1,1,0,0.2758620689655171
1842,u,1,1,1,1,1.8620689655172413
1843,m,0,0,0,0,0.23850574712643713
1843,m,0,0,0,1,0.0
1843,m,0,0,1,0,0.9540229885057467
1843,m,0,0,1,1,11.925287356321839
1843,m,0,1,0,0,0.23850574712643713
1843,m,0,1,0,1,0.0
1843,m,0,1,1,0,0.9540229885057467
1843,m,0,1,1,1,6.439655172413794
1843,m,1,0,0,0,0.45977011494252906
1843,m,1,0,0,1,0.0
1843,m,1,0,1,0,1.8390804597701162
1843,m,1,0,1,1,22.988505747126435
1843,m,1,1,0,0,0.45977011494252906
1843,m,1,1,0,1,0.0
1843,m,1,1,1,0,1.8390804597701145
1843,m,1,1,1,1,12.413793103448276
1843,w,0,0,0,0,0.2327586206896548
1843,w,0,0,0,1,0.0
1843,w,0,0,1,0,0.931034482758621
1843,w,0,0,1,1,11.637931034482758
1843,w,0,1,0,0,0.2327586206896548
1843,w,0,1,0,1,0.0
1843,w,0,1,1,0,0.931034482758621
1843,w,0,1,1,1,6.28448275862069
1843,w,1,0,0,0,0.3103448275862064
1843,w,1,0,0,1,0.0
1843,w,1,0,1,0,1.2413793103448292
1843,w,1,0,1,1,15.517241379310345
1843,w,1,1,0,0,0.3103448275862064
1843,w,1,1,0,1,0.0
1843,w,1,1,1,0,1.2413793103448274
1843,w,1,1,1,1,8.379310344827585
1843,u,0,0,0,0,0.1853448275862064
1843,u,0,0,0,1,0.0
1843,u,0,0,1,0,0.7413793103448292
1843,u,0,0,1,1,9.267241379310343
1843,u,0,1,0,0,0.1853448275862073
1843,u,0,1,0,1,0.0
1843,u,0,1,1,0,0.7413793103448274
1843,u,0,1,1,1,5.004310344827586
1843,u,1,0,0,0,0.034482758620689724
1843,u,1,0,0,1,0.0
1843,u,1,0,1,0,0.13793103448275867
1843,u,1,0,1,1,1.7241379310344827
1843,u,1,1,0,0,0.034482758620689724
1843,u,1,1,0,1,0.0
1843,u,1,1,1,0,0.13793103448275856
1843,u,1,1,1,1,0.9310344827586207
1844,m,0,0,0,0,0.2068965517241388
1844,m,0,0,0,1,0.0
1844,m,0,0,1,0,0.8275862068965516
1844,m,0,0,1,1,10.344827586206897
1844,m,0,1,0,0,0.2068965517241379
1844,m,0,1,0,1,0.0
1844,m,0,1,1,0,0.8275862068965516
1844,m,0,1,1,1,5.586206896551723
1844,m,1,0,0,0,0.5172413793103452
1844,m,1,0,0,1,0.0
1844,m,1,0,1,0,2.068965517241381
1844,m,1,0,1,1,25.86206896551724
1844,m,1,1,0,0,0.5172413793103452
1844,m,1,1,0,1,0.0
1844,m,1,1,1,0,2.068965517241379
1844,m,1,1,1,1,13.965517241379311
1844,w,0,0,0,0,0.21264367816091934
1844,w,0,0,0,1,0.0
1844,w,0,0,1,0,0.8505747126436791
1844,w,0,0,1,1,10.632183908045976
1844,w,0,1,0,0,0.21264367816091934
1844,w,0,1,0,1,0.0
1844,w,0,1,1,0,0.8505747126436782
1844,w,0,1,1,1,5.741379310344828
1844,w,1,0,0,0,0.35632183908046144
1844,w,1,0,0,1,0.0
1844,w,1,0,1,0,1.4252873563218387
1844,w,1,0,1,1,17.816091954022987
1844,w,1,1,0,0,0.35632183908045967
1844,w,1,1,0,1,0.0
1844,w,1,1,1,0,1.4252873563218387
1844,w,1,1,1,1,9.620689655172415
1844,u,0,0,0,0,0.10632183908045967
1844,u,0,0,0,1,0.0
1844,u,0,0,1,0,0.42528735632183956
1844,u,0,0,1,1,5.316091954022988
1844,u,0,1,0,0,0.10632183908045967
1844,u,0,1,0,1,0.0
1844,u,0,1,1,0,0.4252873563218391
1844,u,0,1,1,1,2.870689655172414
1844,u,1,0,0,0,0.12643678160919514
1844,u,1,0,0,1,0.0
1844,u,1,0,1,0,0.5057471264367823
1844,u,1,0,1,1,6.321839080459769
1844,u,1,1,0,0,0.12643678160919558
1844,u,1,1,0,1,0.0
1844,u,1,1,1,0,0.5057471264367814
1844,u,1,1,1,1,3.4137931034482762
1845,m,0,0,0,0,0.28735632183908066
1845,m,0,0,0,1,0.0
1845,m,0,0,1,0,1.1494252873563227
1845,m,0,0,1,1,14.367816091954023
1845,m,0,1,0,0,0.28735632183908066
1845,m,0,1,0,1,0.0
1845,m,0,1,1,0,1.1494252873563218
1845,m,0,1,1,1,7.758620689655172
1845,m,1,0,0,0,0.4367816091954033
1845,m,1,0,0,1,0.0
1845,m,1,0,1,0,1.7471264367816097
1845,m,1,0,1,1,21.839080459770113
1845,m,1,1,0,0,0.43678160919540154
1845,m,1,1,0,1,0.0
1845,m,1,1,1,0,1.7471264367816097
1845,m,1,1,1,1,11.793103448275863
1845,w,0,0,0,0,0.22557471264367734
1845,w,0,0,0,1,0.0
1845,w,0,0,1,0,0.9022988505747129
1845,w,0,0,1,1,11.278735632183908
1845,w,0,1,0,0,0.22557471264367823
1845,w,0,1,0,1,0.0
1845,w,0,1,1,0,0.9022988505747129
1845,w,0,1,1,1,6.0905172413793105
1845,w,1,0,0,0,0.35632183908046144
1845,w,1,0,0,1,0.0
1845,w,1,0,1,0,1.4252873563218387
1845,w,1,0,1,1,17.816091954022987
1845,w,1,1,0,0,0.35632183908045967
1845,w,1,1,0,1,0.0
1845,w,1,1,1,0,1.4252873563218387
1845,w,1,1,1,1,9.620689655172415
1845,u,0,0,0,0,0.13074712643678144
1845,u,0,0,0,1,0.0
1845,u,0,0,1,0,0.5229885057471266
1845,u,0,0,1,1,6.537356321839081
1845,u,0,1,0,0,0.13074712643678144
1845,u,0,1,0,1,0.0
1845,u,0,1,1,0,0.5229885057471266
1845,u,0,1,1,1,3.530172413793103
1845,u,1,0,0,0,0.11494252873563227
1845,u,1,0,0,1,0.0
1845,u,1,0,1,0,0.45977011494252906
1845,u,1,0,1,1,5.747126436781609
1845,u,1,1,0,0,0.11494252873563227
1845,u,1,1,0,1,0.0
1845,u,1,1,1,0,0.4597701149425286
1845,u,1,1,1,1,3.103448275862069
1846,m,0,0,0,0,0.44109195402298695
1846,m,0,0,0,1,0.0
1846,m,0,0,1,0,1.764367816091955
1846,m,0,0,1,1,22.054597701149426
1846,m,0,1,0,0,0.44109195402298873
1846,m,0,1,0,1,0.0
1846,m,0,1,1,0,1.7643678160919531
1846,m,0,1,1,1,11.90948275862069
1846,m,1,0,0,0,0.32183908045977105
1846,m,1,0,0,1,0.0
1846,m,1,0,1,0,1.2873563218390807
1846,m,1,0,1,1,16.091954022988503
1846,m,1,1,0,0,0.32183908045977105
1846,m,1,1,0,1,0.0
1846,m,1,1,1,0,1.2873563218390807
1846,m,1,1,1,1,8.689655172413794
1846,w,0,0,0,0,0.3117816091954033
1846,w,0,0,0,1,0.0
1846,w,0,0,1,0,1.247126436781608
1846,w,0,0,1,1,15.589080459770114
1846,w,0,1,0,0,0.31178160919540154
1846,w,0,1,0,1,0.0
1846,w,0,1,1,0,1.2471264367816097
1846,w,0,1,1,1,8.418103448275863
1846,w,1,0,0,0,0.32183908045977105
1846,w,1,0,0,1,0.0
1846,w,1,0,1,0,1.2873563218390807
1846,w,1,0,1,1,16.091954022988503
1846,w,1,1,0,0,0.32183908045977105
1846,w,1,1,0,1,0.0
1846,w,1,1,1,0,1.2873563218390807
1846,w,1,1,1,1,8.689655172413794
1846,u,0,0,0,0,0.17816091954023072
1846,u,0,0,0,1,0.0
1846,u,0,0,1,0,0.7126436781609193
1846,u,0,0,1,1,8.908045977011493
1846,u,0,1,0,0,0.17816091954022983
1846,u,0,1,0,1,0.0
1846,u,0,1,1,0,0.7126436781609193
1846,u,0,1,1,1,4.810344827586207
1846,u,1,0,0,0,0.08045977011494276
1846,u,1,0,0,1,0.0
1846,u,1,0,1,0,0.32183908045977017
1846,u,1,0,1,1,4.022988505747126
1846,u,1,1,0,0,0.08045977011494276
1846,u,1,1,0,1,0.0
1846,u,1,1,1,0,0.32183908045977017
1846,u,1,1,1,1,2.1724137931034484
1847,m,0,0,0,0,0.5316091954023001
1847,m,0,0,0,1,0.0
1847,m,0,0,1,0,2.1264367816091934
1847,m,0,0,1,1,26.580459770114942
1847,m,0,1,0,0,0.5316091954023001
1847,m,0,1,0,1,0.0
1847,m,0,1,1,0,2.126436781609195
1847,m,0,1,1,1,14.35344827586207
1847,m,1,0,0,0,0.32183908045977105
1847,m,1,0,0,1,0.0
1847,m,1,0,1,0,1.2873563218390807
1847,m,1,0,1,1,16.091954022988503
1847,m,1,1,0,0,0.32183908045977105
1847,m,1,1,0,1,0.0
1847,m,1,1,1,0,1.2873563218390807
1847,m,1,1,1,1,8.689655172413794
1847,w,0,0,0,0,0.400862068965516
1847,w,0,0,0,1,0.0
1847,w,0,0,1,0,1.6034482758620712
1847,w,0,0,1,1,20.04310344827586
1847,w,0,1,0,0,0.4008620689655178
1847,w,0,1,0,1,0.0
1847,w,0,1,1,0,1.6034482758620676
1847,w,0,1,1,1,10.823275862068966
1847,w,1,0,0,0,0.3103448275862064
1847,w,1,0,0,1,0.0
1847,w,1,0,1,0,1.2413793103448292
1847,w,1,0,1,1,15.517241379310345
1847,w,1,1,0,0,0.3103448275862064
1847,w,1,1,0,1,0.0
1847,w,1,1,1,0,1.2413793103448274
1847,w,1,1,1,1,8.379310344827585
1847,u,0,0,0,0,0.262931034482758
1847,u,0,0,0,1,0.0
1847,u,0,0,1,0,1.0517241379310356
1847,u,0,0,1,1,13.14655172413793
1847,u,0,1,0,0,0.262931034482758
1847,u,0,1,0,1,0.0
1847,u,0,1,1,0,1.0517241379310347
1847,u,0,1,1,1,7.099137931034483
1847,u,1,0,0,0,0.034482758620689724
1847,u,1,0,0,1,0.0
1847,u,1,0,1,0,0.13793103448275867
1847,u,1,0,1,1,1.7241379310344827
1847,u,1,1,0,0,0.034482758620689724
1847,u,1,1,0,1,0.0
1847,u,1,1,1,0,0.13793103448275856
1847,u,1,1,1,1,0.9310344827586207
1848,m,0,0,0,0,0.5474137931034484
1848,m,0,0,0,1,0.0
1848,m,0,0,1,0,2.1896551724137936
1848,m,0,0,1,1,27.370689655172413
1848,m,0,1,0,0,0.5474137931034484
1848,m,0,1,0,1,0.0
1848,m,0,1,1,0,2.1896551724137936
1848,m,0,1,1,1,14.780172413793103
1848,m,1,0,0,0,0.3448275862068968
1848,m,1,0,0,1,0.0
1848,m,1,0,1,0,1.3793103448275872
1848,m,1,0,1,1,17.241379310344826
1848,m,1,1,0,0,0.3448275862068968
1848,m,1,1,0,1,0.0
1848,m,1,1,1,0,1.3793103448275854
1848,m,1,1,1,1,9.310344827586208
1848,w,0,0,0,0,0.4181034482758612
1848,w,0,0,0,1,0.0
1848,w,0,0,1,0,1.6724137931034484
1848,w,0,0,1,1,20.905172413793103
1848,w,0,1,0,0,0.4181034482758612
1848,w,0,1,0,1,0.0
1848,w,0,1,1,0,1.6724137931034484
1848,w,0,1,1,1,11.288793103448278
1848,w,1,0,0,0,0.3448275862068968
1848,w,1,0,0,1,0.0
1848,w,1,0,1,0,1.3793103448275872
1848,w,1,0,1,1,17.241379310344826
1848,w,1,1,0,0,0.3448275862068968
1848,w,1,1,0,1,0.0
1848,w,1,1,1,0,1.3793103448275854
1848,w,1,1,1,1,9.310344827586208
1848,u,0,0,0,0,0.2887931034482758
1848,u,0,0,0,1,0.0
1848,u,0,0,1,0,1.1551724137931032
1848,u,0,0,1,1,14.439655172413794
1848,u,0,1,0,0,0.2887931034482758
1848,u,0,1,0,1,0.0
1848,u,0,1,1,0,1.1551724137931032
1848,u,0,1,1,1,7.797413793103448
1848,u,1,0,0,0,0.034482758620689724
1848,u,1,0,0,1,0.0
1848,u,1,0,1,0,0.13793103448275867
1848,u,1,0,1,1,1.7241379310344827
1848,u,1,1,0,0,0.034482758620689724
1848,u,1,1,0,1,0.0
1848,u,1,1,1,0,0.13793103448275856
1848,u,1,1,1,1,0.9310344827586207
1849,m,0,0,0,0,0.49281609195402254
1849,m,0,0,0,1,0.0
1849,m,0,0,1,0,1.9712643678160937
1849,m,0,0,1,1,24.64080459770115
1849,m,0,1,0,0,0.49281609195402254
1849,m,0,1,0,1,0.0
1849,m,0,1,1,0,1.971264367816092
1849,m,0,1,1,1,13.306034482758621
1849,m,1,0,0,0,0.42528735632183867
1849,m,1,0,0,1,0.0
1849,m,1,0,1,0,1.7011494252873582
1849,m,1,0,1,1,21.26436781609195
1849,m,1,1,0,0,0.42528735632183867
1849,m,1,1,0,1,0.0
1849,m,1,1,1,0,1.7011494252873565
1849,m,1,1,1,1,11.482758620689657
1849,w,0,0,0,0,0.4683908045976999
1849,w,0,0,0,1,0.0
1849,w,0,0,1,0,1.8735632183908066
1849,w,0,0,1,1,23.419540229885058
1849,w,0,1,0,0,0.46839080459770166
1849,w,0,1,0,1,0.0
1849,w,0,1,1,0,1.873563218390803
1849,w,0,1,1,1,12.64655172413793
1849,w,1,0,0,0,0.33333333333333215
1849,w,1,0,0,1,0.0
1849,w,1,0,1,0,1.3333333333333357
1849,w,1,0,1,1,16.666666666666664
1849,w,1,1,0,0,0.3333333333333339
1849,w,1,1,0,1,0.0
1849,w,1,1,1,0,1.3333333333333321
1849,w,1,1,1,1,9.000000000000002
1849,u,0,0,0,0,0.2327586206896548
1849,u,0,0,0,1,0.0
1849,u,0,0,1,0,0.931034482758621
1849,u,0,0,1,1,11.637931034482758
1849,u,0,1,0,0,0.2327586206896548
1849,u,0,1,0,1,0.0
1849,u,0,1,1,0,0.931034482758621
1849,u,0,1,1,1,6.28448275862069
1849,u,1,0,0,0,0.1034482758620694
1849,u,1,0,0,1,0.0
1849,u,1,0,1,0,0.4137931034482758
1849,u,1,0,1,1,5.172413793103448
1849,u,1,1,0,0,0.10344827586206895
1849,u,1,1,0,1,0.0
1849,u,1,1,1,0,0.4137931034482758
1849,u,1,1,1,1,2.7931034482758617
1850,m,0,0,0,0,0.6048850574712645
1850,m,0,0,0,1,0.0
1850,m,0,0,1,0,2.419540229885058
1850,m,0,0,1,1,30.24425287356322
1850,m,0,1,0,0,0.6048850574712645
1850,m,0,1,0,1,0.0
1850,m,0,1,1,0,2.419540229885058
1850,m,0,1,1,1,16.331896551724135
1850,m,1,0,0,0,0.3908045977011483
1850,m,1,0,0,1,0.0
1850,m,1,0,1,0,1.5632183908046002
1850,m,1,0,1,1,19.54022988505747
1850,m,1,1,0,0,0.39080459770115006
1850,m,1,1,0,1,0.0
1850,m,1,1,1,0,1.5632183908045967
1850,m,1,1,1,1,10.551724137931034
1850,w,0,0,0,0,0.4913793103448292
1850,w,0,0,0,1,0.0
1850,w,0,0,1,0,1.9655172413793096
1850,w,0,0,1,1,24.568965517241377
1850,w,0,1,0,0,0.4913793103448274
1850,w,0,1,0,1,0.0
1850,w,0,1,1,0,1.9655172413793114
1850,w,0,1,1,1,13.267241379310345
1850,w,1,0,0,0,0.4137931034482776
1850,w,1,0,0,1,0.0
1850,w,1,0,1,0,1.6551724137931032
1850,w,1,0,1,1,20.689655172413794
1850,w,1,1,0,0,0.4137931034482758
1850,w,1,1,0,1,0.0
1850,w,1,1,1,0,1.6551724137931032
1850,w,1,1,1,1,11.172413793103447
1850,u,0,0,0,0,0.3060344827586192
1850,u,0,0,0,1,0.0
1850,u,0,0,1,0,1.224137931034484
1850,u,0,0,1,1,15.301724137931036
1850,u,0,1,0,0,0.306034482758621
1850,u,0,1,0,1,0.0
1850,u,0,1,1,0,1.2241379310344822
1850,u,0,1,1,1,8.262931034482758
1850,u,1,0,0,0,0.06896551724137945
1850,u,1,0,0,1,0.0
1850,u,1,0,1,0,0.27586206896551735
1850,u,1,0,1,1,3.4482758620689653
1850,u,1,1,0,0,0.06896551724137945
1850,u,1,1,0,1,0.0
1850,u,1,1,1,0,0.2758620689655171
1850,u,1,1,1,1,1.8620689655172413
1851,m,0,0,0,0,0.7025862068965552
1851,m,0,0,0,1,0.0
1851,m,0,0,1,0,2.8103448275862064
1851,m,0,0,1,1,35.12931034482758
1851,m,0,1,0,0,0.7025862068965516
1851,m,0,1,0,1,0.0
1851,m,0,1,1,0,2.8103448275862064
1851,m,0,1,1,1,18.9698275862069
1851,m,1,0,0,0,0.3448275862068968
1851,m,1,0,0,1,0.0
1851,m,1,0,1,0,1.3793103448275872
1851,m,1,0,1,1,17.241379310344826
1851,m,1,1,0,0,0.3448275862068968
1851,m,1,1,0,1,0.0
1851,m,1,1,1,0,1.3793103448275854
1851,m,1,1,1,1,9.310344827586208
1851,w,0,0,0,0,0.4856321839080451
1851,w,0,0,0,1,0.0
1851,w,0,0,1,0,1.9425287356321874
1851,w,0,0,1,1,24.281609195402297
1851,w,0,1,0,0,0.4856321839080451
1851,w,0,1,0,1,0.0
1851,w,0,1,1,0,1.9425287356321839
1851,w,0,1,1,1,13.112068965517242
1851,w,1,0,0,0,0.4712643678160937
1851,w,1,0,0,1,0.0
1851,w,1,0,1,0,1.8850574712643677
1851,w,1,0,1,1,23.563218390804597
1851,w,1,1,0,0,0.47126436781609193
1851,w,1,1,0,1,0.0
1851,w,1,1,1,0,1.8850574712643677
1851,w,1,1,1,1,12.724137931034482
1851,u,0,0,0,0,0.2859195402298855
1851,u,0,0,0,1,0.0
1851,u,0,0,1,0,1.1436781609195403
1851,u,0,0,1,1,14.295977011494253
1851,u,0,1,0,0,0.2859195402298855
1851,u,0,1,0,1,0.0
1851,u,0,1,1,0,1.1436781609195394
1851,u,0,1,1,1,7.719827586206896
1851,u,1,0,0,0,0.11494252873563227
1851,u,1,0,0,1,0.0
1851,u,1,0,1,0,0.45977011494252906
1851,u,1,0,1,1,5.747126436781609
1851,u,1,1,0,0,0.11494252873563227
1851,u,1,1,0,1,0.0
1851,u,1,1,1,0,0.4597701149425286
1851,u,1,1,1,1,3.103448275862069
1852,m,0,0,0,0,0.7270114942528707
1852,m,0,0,0,1,0.0
1852,m,0,0,1,0,2.908045977011497
1852,m,0,0,1,1,36.35057471264368
1852,m,0,1,0,0,0.7270114942528743
1852,m,0,1,0,1,0.0
1852,m,0,1,1,0,2.9080459770114935
1852,m,0,1,1,1,19.629310344827587
1852,m,1,0,0,0,0.33333333333333215
1852,m,1,0,0,1,0.0
1852,m,1,0,1,0,1.3333333333333357
1852,m,1,0,1,1,16.666666666666664
1852,m,1,1,0,0,0.3333333333333339
1852,m,1,1,0,1,0.0
1852,m,1,1,1,0,1.3333333333333321
1852,m,1,1,1,1,9.000000000000002
1852,w,0,0,0,0,0.4540229885057485
1852,w,0,0,0,1,0.0
1852,w,0,0,1,0,1.816091954022987
1852,w,0,0,1,1,22.70114942528736
1852,w,0,1,0,0,0.45402298850574674
1852,w,0,1,0,1,0.0
1852,w,0,1,1,0,1.8160919540229887
1852,w,0,1,1,1,12.25862068965517
1852,w,1,0,0,0,0.5287356321839098
1852,w,1,0,0,1,0.0
1852,w,1,0,1,0,2.1149425287356323
1852,w,1,0,1,1,26.4367816091954
1852,w,1,1,0,0,0.5287356321839098
1852,w,1,1,0,1,0.0
1852,w,1,1,1,0,2.1149425287356305
1852,w,1,1,1,1,14.275862068965518
1852,u,0,0,0,0,0.28735632183908066
1852,u,0,0,0,1,0.0
1852,u,0,0,1,0,1.1494252873563227
1852,u,0,0,1,1,14.367816091954023
1852,u,0,1,0,0,0.28735632183908066
1852,u,0,1,0,1,0.0
1852,u,0,1,1,0,1.1494252873563218
1852,u,0,1,1,1,7.758620689655172
1852,u,1,0,0,0,0.12643678160919514
1852,u,1,0,0,1,0.0
1852,u,1,0,1,0,0.5057471264367823
1852,u,1,0,1,1,6.321839080459769
1852,u,1,1,0,0,0.12643678160919558
1852,u,1,1,0,1,0.0
1852,u,1,1,1,0,0.5057471264367814
1852,u,1,1,1,1,3.4137931034482762
1853,m,0,0,0,0,0.7514367816091934
1853,m,0,0,0,1,0.0
1853,m,0,0,1,0,3.0057471264367877
1853,m,0,0,1,1,37.57183908045977
1853,m,0,1,0,0,0.7514367816091969
1853,m,0,1,0,1,0.0
1853,m,0,1,1,0,3.0057471264367805
1853,m,0,1,1,1,20.288793103448274
1853,m,1,0,0,0,0.32183908045977105
1853,m,1,0,0,1,0.0
1853,m,1,0,1,0,1.2873563218390807
1853,m,1,0,1,1,16.091954022988503
1853,m,1,1,0,0,0.32183908045977105
1853,m,1,1,0,1,0.0
1853,m,1,1,1,0,1.2873563218390807
1853,m,1,1,1,1,8.689655172413794
1853,w,0,0,0,0,0.5747126436781613
1853,w,0,0,0,1,0.0
1853,w,0,0,1,0,2.2988505747126453
1853,w,0,0,1,1,28.735632183908045
1853,w,0,1,0,0,0.5747126436781613
1853,w,0,1,0,1,0.0
1853,w,0,1,1,0,2.2988505747126435
1853,w,0,1,1,1,15.517241379310343
1853,w,1,0,0,0,0.45977011494252906
1853,w,1,0,0,1,0.0
1853,w,1,0,1,0,1.8390804597701162
1853,w,1,0,1,1,22.988505747126435
1853,w,1,1,0,0,0.45977011494252906
1853,w,1,1,0,1,0.0
1853,w,1,1,1,0,1.8390804597701145
1853,w,1,1,1,1,12.413793103448276
1853,u,0,0,0,0,0.36925287356321945
1853,u,0,0,0,1,0.0
1853,u,0,0,1,0,1.4770114942528743
1853,u,0,0,1,1,18.46264367816092
1853,u,0,1,0,0,0.3692528735632177
1853,u,0,1,0,1,0.0
1853,u,0,1,1,0,1.4770114942528743
1853,u,0,1,1,1,9.969827586206895
1853,u,1,0,0,0,0.05747126436781613
1853,u,1,0,0,1,0.0
1853,u,1,0,1,0,0.22988505747126453
1853,u,1,0,1,1,2.8735632183908044
1853,u,1,1,0,0,0.05747126436781613
1853,u,1,1,0,1,0.0
1853,u,1,1,1,0,0.2298850574712643
1853,u,1,1,1,1,1.5517241379310345
1854,m,0,0,0,0,0.8261494252873547
1854,m,0,0,0,1,0.0
1854,m,0,0,1,0,3.304597701149426
1854,m,0,0,1,1,41.30747126436782
1854,m,0,1,0,0,0.8261494252873547
1854,m,0,1,0,1,0.0
1854,m,0,1,1,0,3.304597701149426
1854,m,0,1,1,1,22.30603448275862
1854,m,1,0,0,0,0.2988505747126453
1854,m,1,0,0,1,0.0
1854,m,1,0,1,0,1.1954022988505741
1854,m,1,0,1,1,14.942528735632184
1854,m,1,1,0,0,0.29885057471264354
1854,m,1,1,0,1,0.0
1854,m,1,1,1,0,1.1954022988505741
1854,m,1,1,1,1,8.068965517241379
1854,w,0,0,0,0,0.5114942528735646
1854,w,0,0,0,1,0.0
1854,w,0,0,1,0,2.0459770114942515
1854,w,0,0,1,1,25.57471264367816
1854,w,0,1,0,0,0.5114942528735629
1854,w,0,1,0,1,0.0
1854,w,0,1,1,0,2.0459770114942533
1854,w,0,1,1,1,13.810344827586206
1854,w,1,0,0,0,0.5747126436781613
1854,w,1,0,0,1,0.0
1854,w,1,0,1,0,2.2988505747126453
1854,w,1,0,1,1,28.735632183908045
1854,w,1,1,0,0,0.5747126436781613
1854,w,1,1,0,1,0.0
1854,w,1,1,1,0,2.2988505747126435
1854,w,1,1,1,1,15.517241379310343
1854,u,0,0,0,0,0.3721264367816097
1854,u,0,0,0,1,0.0
1854,u,0,0,1,0,1.4885057471264354
1854,u,0,0,1,1,18.60632183908046
1854,u,0,1,0,0,0.3721264367816097
1854,u,0,1,0,1,0.0
1854,u,0,1,1,0,1.4885057471264354
1854,u,0,1,1,1,10.047413793103448
1854,u,1,0,0,0,0.08045977011494276
1854,u,1,0,0,1,0.0
1854,u,1,0,1,0,0.32183908045977017
1854,u,1,0,1,1,4.022988505747126
1854,u,1,1,0,0,0.08045977011494276
1854,u,1,1,0,1,0.0
1854,u,1,1,1,0,0.32183908045977017
1854,u,1,1,1,1,2.1724137931034484
1855,m,0,0,0,0,0.8117816091953998
1855,m,0,0,0,1,0.0
1855,m,0,0,1,0,3.2471264367816133
1855,m,0,0,1,1,40.589080459770116
1855,m,0,1,0,0,0.8117816091954033
1855,m,0,1,0,1,0.0
1855,m,0,1,1,0,3.247126436781606
1855,m,0,1,1,1,21.91810344827586
1855,m,1,0,0,0,0.28735632183908066
1855,m,1,0,0,1,0.0
1855,m,1,0,1,0,1.1494252873563227
1855,m,1,0,1,1,14.367816091954023
1855,m,1,1,0,0,0.28735632183908066
1855,m,1,1,0,1,0.0
1855,m,1,1,1,0,1.1494252873563218
1855,m,1,1,1,1,7.758620689655172
1855,w,0,0,0,0,0.7873563218390842
1855,w,0,0,0,1,0.0
1855,w,0,0,1,0,3.1494252873563227
1855,w,0,0,1,1,39.36781609195402
1855,w,0,1,0,0,0.7873563218390807
1855,w,0,1,0,1,0.0
1855,w,0,1,1,0,3.1494252873563227
1855,w,0,1,1,1,21.25862068965517
1855,w,1,0,0,0,0.2988505747126453
1855,w,1,0,0,1,0.0
1855,w,1,0,1,0,1.1954022988505741
1855,w,1,0,1,1,14.942528735632184
1855,w,1,1,0,0,0.29885057471264354
1855,w,1,1,0,1,0.0
1855,w,1,1,1,0,1.1954022988505741
1855,w,1,1,1,1,8.068965517241379
1855,u,0,0,0,0,0.336206896551726
1855,u,0,0,0,1,0.0
1855,u,0,0,1,0,1.3448275862068968
1855,u,0,0,1,1,16.810344827586206
1855,u,0,1,0,0,0.3362068965517242
1855,u,0,1,0,1,0.0
1855,u,0,1,1,0,1.3448275862068968
1855,u,0,1,1,1,9.07758620689655
1855,u,1,0,0,0,0.1034482758620694
1855,u,1,0,0,1,0.0
1855,u,1,0,1,0,0.4137931034482758
1855,u,1,0,1,1,5.172413793103448
1855,u,1,1,0,0,0.10344827586206895
1855,u,1,1,0,1,0.0
1855,u,1,1,1,0,0.4137931034482758
1855,u,1,1,1,1,2.7931034482758617
1856,m,0,0,0,0,0.7614942528735611
1856,m,0,0,0,1,0.0
1856,m,0,0,1,0,3.0459770114942586
1856,m,0,0,1,1,38.074712643678154
1856,m,0,1,0,0,0.7614942528735646
1856,m,0,1,0,1,0.0
1856,m,0,1,1,0,3.0459770114942515
1856,m,0,1,1,1,20.56034482758621
1856,m,1,0,0,0,0.2988505747126453
1856,m,1,0,0,1,0.0
1856,m,1,0,1,0,1.1954022988505741
1856,m,1,0,1,1,14.942528735632184
1856,m,1,1,0,0,0.29885057471264354
1856,m,1,1,0,1,0.0
1856,m,1,1,1,0,1.1954022988505741
1856,m,1,1,1,1,8.068965517241379
1856,w,0,0,0,0,0.5775862068965516
1856,w,0,0,0,1,0.0
1856,w,0,0,1,0,2.3103448275862064
1856,w,0,0,1,1,28.879310344827587
1856,w,0,1,0,0,0.5775862068965516
1856,w,0,1,0,1,0.0
1856,w,0,1,1,0,2.3103448275862064
1856,w,0,1,1,1,15.594827586206897
1856,w,1,0,0,0,0.4827586206896548
1856,w,1,0,0,1,0.0
1856,w,1,0,1,0,1.9310344827586228
1856,w,1,0,1,1,24.137931034482758
1856,w,1,1,0,0,0.4827586206896548
1856,w,1,1,0,1,0.0
1856,w,1,1,1,0,1.931034482758621
1856,w,1,1,1,1,13.034482758620689
1856,u,0,0,0,0,0.26580459770115006
1856,u,0,0,0,1,0.0
1856,u,0,0,1,0,1.0632183908045967
1856,u,0,0,1,1,13.290229885057471
1856,u,0,1,0,0,0.26580459770115006
1856,u,0,1,0,1,0.0
1856,u,0,1,1,0,1.0632183908045976
1856,u,0,1,1,1,7.176724137931035
1856,u,1,0,0,0,0.16091954022988553
1856,u,1,0,0,1,0.0
1856,u,1,0,1,0,0.6436781609195403
1856,u,1,0,1,1,8.045977011494251
1856,u,1,1,0,0,0.16091954022988553
1856,u,1,1,0,1,0.0
1856,u,1,1,1,0,0.6436781609195403
1856,u,1,1,1,1,4.344827586206897
1857,m,0,0,0,0,0.6609195402298838
1857,m,0,0,0,1,0.0
1857,m,0,0,1,0,2.643678160919542
1857,m,0,0,1,1,33.04597701149425
1857,m,0,1,0,0,0.6609195402298838
1857,m,0,1,0,1,0.0
1857,m,0,1,1,0,2.643678160919542
1857,m,0,1,1,1,17.844827586206897
1857,m,1,0,0,0,0.42528735632183867
1857,m,1,0,0,1,0.0
1857,m,1,0,1,0,1.7011494252873582
1857,m,1,0,1,1,21.26436781609195
1857,m,1,1,0,0,0.42528735632183867
1857,m,1,1,0,1,0.0
1857,m,1,1,1,0,1.7011494252873565
1857,m,1,1,1,1,11.482758620689657
1857,w,0,0,0,0,0.5933908045977034
1857,w,0,0,0,1,0.0
1857,w,0,0,1,0,2.373563218390803
1857,w,0,0,1,1,29.669540229885055
1857,w,0,1,0,0,0.5933908045976999
1857,w,0,1,0,1,0.0
1857,w,0,1,1,0,2.3735632183908066
1857,w,0,1,1,1,16.021551724137932
1857,w,1,0,0,0,0.5057471264367805
1857,w,1,0,0,1,0.0
1857,w,1,0,1,0,2.0229885057471293
1857,w,1,0,1,1,25.287356321839077
1857,w,1,1,0,0,0.5057471264367823
1857,w,1,1,0,1,0.0
1857,w,1,1,1,0,2.0229885057471257
1857,w,1,1,1,1,13.655172413793105
1857,u,0,0,0,0,0.34770114942528707
1857,u,0,0,0,1,0.0
1857,u,0,0,1,0,1.3908045977011518
1857,u,0,0,1,1,17.385057471264364
1857,u,0,1,0,0,0.34770114942528707
1857,u,0,1,0,1,0.0
1857,u,0,1,1,0,1.39080459770115
1857,u,0,1,1,1,9.38793103448276
1857,u,1,0,0,0,0.09195402298850563
1857,u,1,0,0,1,0.0
1857,u,1,0,1,0,0.3678160919540234
1857,u,1,0,1,1,4.597701149425287
1857,u,1,1,0,0,0.09195402298850563
1857,u,1,1,0,1,0.0
1857,u,1,1,1,0,0.367816091954023
1857,u,1,1,1,1,2.4827586206896552
1858,m,0,0,0,0,0.8218390804597675
1858,m,0,0,0,1,0.0
1858,m,0,0,1,0,3.287356321839084
1858,m,0,0,1,1,41.0919540229885
1858,m,0,1,0,0,0.821839080459771
1858,m,0,1,0,1,0.0
1858,m,0,1,1,0,3.2873563218390807
1858,m,0,1,1,1,22.189655172413794
1858,m,1,0,0,0,0.2643678160919549
1858,m,1,0,0,1,0.0
1858,m,1,0,1,0,1.0574712643678161
1858,m,1,0,1,1,13.2183908045977
1858,m,1,1,0,0,0.2643678160919549
1858,m,1,1,0,1,0.0
1858,m,1,1,1,0,1.0574712643678152
1858,m,1,1,1,1,7.137931034482759
1858,w,0,0,0,0,0.571839080459771
1858,w,0,0,0,1,0.0
1858,w,0,0,1,0,2.2873563218390807
1858,w,0,0,1,1,28.591954022988507
1858,w,0,1,0,0,0.571839080459771
1858,w,0,1,0,1,0.0
1858,w,0,1,1,0,2.287356321839079
1858,w,0,1,1,1,15.439655172413792
1858,w,1,0,0,0,0.5402298850574709
1858,w,1,0,0,1,0.0
1858,w,1,0,1,0,2.1609195402298873
1858,w,1,0,1,1,27.01149425287356
1858,w,1,1,0,0,0.5402298850574709
1858,w,1,1,0,1,0.0
1858,w,1,1,1,0,2.1609195402298855
1858,w,1,1,1,1,14.586206896551724
1858,u,0,0,0,0,0.336206896551726
1858,u,0,0,0,1,0.0
1858,u,0,0,1,0,1.3448275862068968
1858,u,0,0,1,1,16.810344827586206
1858,u,0,1,0,0,0.3362068965517242
1858,u,0,1,0,1,0.0
1858,u,0,1,1,0,1.3448275862068968
1858,u,0,1,1,1,9.07758620689655
1858,u,1,0,0,0,0.1034482758620694
1858,u,1,0,0,1,0.0
1858,u,1,0,1,0,0.4137931034482758
1858,u,1,0,1,1,5.172413793103448
1858,u,1,1,0,0,0.10344827586206895
1858,u,1,1,0,1,0.0
1858,u,1,1,1,0,0.4137931034482758
1858,u,1,1,1,1,2.7931034482758617
1859,m,0,0,0,0,0.7801724137931032
1859,m,0,0,0,1,0.0
1859,m,0,0,1,0,3.120689655172413
1859,m,0,0,1,1,39.008620689655174
1859,m,0,1,0,0,0.7801724137931032
1859,m,0,1,0,1,0.0
1859,m,0,1,1,0,3.120689655172413
1859,m,0,1,1,1,21.064655172413794
1859,m,1,0,0,0,0.3448275862068968
1859,m,1,0,0,1,0.0
1859,m,1,0,1,0,1.3793103448275872
1859,m,1,0,1,1,17.241379310344826
1859,m,1,1,0,0,0.3448275862068968
1859,m,1,1,0,1,0.0
1859,m,1,1,1,0,1.3793103448275854
1859,m,1,1,1,1,9.310344827586208
1859,w,0,0,0,0,0.7399425287356323
1859,w,0,0,0,1,0.0
1859,w,0,0,1,0,2.959770114942529
1859,w,0,0,1,1,36.997126436781606
1859,w,0,1,0,0,0.7399425287356323
1859,w,0,1,0,1,0.0
1859,w,0,1,1,0,2.959770114942529
1859,w,0,1,1,1,19.97844827586207
1859,w,1,0,0,0,0.4367816091954033
1859,w,1,0,0,1,0.0
1859,w,1,0,1,0,1.7471264367816097
1859,w,1,0,1,1,21.839080459770113
1859,w,1,1,0,0,0.43678160919540154
1859,w,1,1,0,1,0.0
1859,w,1,1,1,0,1.7471264367816097
1859,w,1,1,1,1,11.793103448275863
1859,u,0,0,0,0,0.3606321839080451
1859,u,0,0,0,1,0.0
1859,u,0,0,1,0,1.4425287356321839
1859,u,0,0,1,1,18.0316091954023
1859,u,0,1,0,0,0.3606321839080451
1859,u,0,1,0,1,0.0
1859,u,0,1,1,0,1.4425287356321839
1859,u,0,1,1,1,9.737068965517242
1859,u,1,0,0,0,0.09195402298850563
1859,u,1,0,0,1,0.0
1859,u,1,0,1,0,0.3678160919540234
1859,u,1,0,1,1,4.597701149425287
1859,u,1,1,0,0,0.09195402298850563
1859,u,1,1,0,1,0.0
1859,u,1,1,1,0,0.367816091954023
1859,u,1,1,1,1,2.4827586206896552
1860,m,0,0,0,0,0.8352272727272734
1860,m,0,0,0,1,0.0
1860,m,0,0,1,0,3.3409090909090935
1860,m,0,0,1,1,41.76136363636363
1860,m,0,1,0,0,0.478515625
1860,m,0,1,0,1,0.0
1860,m,0,1,1,0,1.9140625
1860,m,0,1,1,1,12.919921875
1860,m,1,0,0,0,0.5454545454545467
1860,m,1,0,0,1,0.0
1860,m,1,0,1,0,2.18181818181818
1860,m,1,0,1,1,27.272727272727273
1860,m,1,1,0,0,0.3125
1860,m,1,1,0,1,0.0
1860,m,1,1,1,0,1.25
1860,m,1,1,1,1,8.4375
1860,w,0,0,0,0,0.9119318181818201
1860,w,0,0,0,1,0.0
1860,w,0,0,1,0,3.6477272727272734
1860,w,0,0,1,1,45.59659090909091
1860,w,0,1,0,0,0.5224609375
1860,w,0,1,0,1,0.0
1860,w,0,1,1,0,2.08984375
1860,w,0,1,1,1,14.1064453125
1860,w,1,0,0,0,0.5454545454545467
1860,w,1,0,0,1,0.0
1860,w,1,0,1,0,2.18181818181818
1860,w,1,0,1,1,27.272727272727273
1860,w,1,1,0,0,0.3125
1860,w,1,1,0,1,0.0
1860,w,1,1,1,0,1.25
1860,w,1,1,1,1,8.4375
1860,u,0,0,0,0,0.3767045454545439
1860,u,0,0,0,1,0.0
1860,u,0,0,1,0,1.5068181818181827
1860,u,0,0,1,1,18.835227272727273
1860,u,0,1,0,0,0.2158203125
1860,u,0,1,0,1,0.0
1860,u,0,1,1,0,0.86328125
1860,u,0,1,1,1,5.8271484375
1860,u,1,0,0,0,0.19090909090909136
1860,u,1,0,0,1,0.0
1860,u,1,0,1,0,0.7636363636363637
1860,u,1,0,1,1,9.545454545454545
1860,u,1,1,0,0,0.109375
1860,u,1,1,0,1,0.0
1860,u,1,1,1,0,0.4375
1860,u,1,1,1,1,2.953125
1861,m,0,0,0,0,0.9051136363636374
1861,m,0,0,0,1,0.0
1861,m,0,0,1,0,3.6204545454545425
1861,m,0,0,1,1,45.25568181818182
1861,m,0,1,0,0,0.5185546875
1861,m,0,1,0,1,0.0
1861,m,0,1,1,0,2.07421875
1861,m,0,1,1,1,14.0009765625
1861,m,1,0,0,0,0.49090909090909207
1861,m,1,0,0,1,0.0
1861,m,1,0,1,0,1.9636363636363647
1861,m,1,0,1,1,24.545454545454543
1861,m,1,1,0,0,0.28125
1861,m,1,1,0,1,0.0
1861,m,1,1,1,0,1.125
1861,m,1,1,1,1,7.59375
1861,w,0,0,0,0,0.9801136363636402
1861,w,0,0,0,1,0.0
1861,w,0,0,1,0,3.9204545454545467
1861,w,0,0,1,1,49.00568181818181
1861,w,0,1,0,0,0.5615234375
1861,w,0,1,0,1,0.0
1861,w,0,1,1,0,2.24609375
1861,w,0,1,1,1,15.1611328125
1861,w,1,0,0,0,0.4772727272727266
1861,w,1,0,0,1,0.0
1861,w,1,0,1,0,1.90909090909091
1861,w,1,0,1,1,23.863636363636363
1861,w,1,1,0,0,0.2734375
1861,w,1,1,0,1,0.0
1861,w,1,1,1,0,1.09375
1861,w,1,1,1,1,7.3828125
1861,u,0,0,0,0,0.386931818181818
1861,u,0,0,0,1,0.0
1861,u,0,0,1,0,1.547727272727272
1861,u,0,0,1,1,19.34659090909091
1861,u,0,1,0,0,0.2216796875
1861,u,0,1,0,1,0.0
1861,u,0,1,1,0,0.88671875
1861,u,0,1,1,1,5.9853515625
1861,u,1,0,0,0,0.15000000000000036
1861,u,1,0,0,1,0.0
1861,u,1,0,1,0,0.5999999999999996
1861,u,1,0,1,1,7.5
1861,u,1,1,0,0,0.0859375
1861,u,1,1,0,1,0.0
1861,u,1,1,1,0,0.34375
1861,u,1,1,1,1,2.3203125
1862,m,0,0,0,0,0.8659090909090921
1862,m,0,0,0,1,0.0
1862,m,0,0,1,0,3.463636363636361
1862,m,0,0,1,1,43.29545454545455
1862,m,0,1,0,0,0.49609375
1862,m,0,1,0,1,0.0
1862,m,0,1,1,0,1.984375
1862,m,0,1,1,1,13.39453125
1862,m,1,0,0,0,0.5454545454545467
1862,m,1,0,0,1,0.0
1862,m,1,0,1,0,2.18181818181818
1862,m,1,0,1,1,27.272727272727273
1862,m,1,1,0,0,0.3125
1862,m,1,1,0,1,0.0
1862,m,1,1,1,0,1.25
1862,m,1,1,1,1,8.4375
1862,w,0,0,0,0,0.8999999999999986
1862,w,0,0,0,1,0.0
1862,w,0,0,1,0,3.6000000000000014
1862,w,0,0,1,1,45.0
1862,w,0,1,0,0,0.515625
1862,w,0,1,0,1,0.0
1862,w,0,1,1,0,2.0625
1862,w,0,1,1,1,13.921875
1862,w,1,0,0,0,0.5727272727272741
1862,w,1,0,0,1,0.0
1862,w,1,0,1,0,2.2909090909090892
1862,w,1,0,1,1,28.636363636363637
1862,w,1,1,0,0,0.328125
1862,w,1,1,0,1,0.0
1862,w,1,1,1,0,1.3125
1862,w,1,1,1,1,8.859375
1862,u,0,0,0,0,0.4142045454545453
1862,u,0,0,0,1,0.0
1862,u,0,0,1,0,1.6568181818181813
1862,u,0,0,1,1,20.710227272727273
1862,u,0,1,0,0,0.2373046875
1862,u,0,1,0,1,0.0
1862,u,0,1,1,0,0.94921875
1862,u,0,1,1,1,6.4072265625
1862,u,1,0,0,0,0.12272727272727302
1862,u,1,0,0,1,0.0
1862,u,1,0,1,0,0.4909090909090912
1862,u,1,0,1,1,6.136363636363636
1862,u,1,1,0,0,0.0703125
1862,u,1,1,0,1,0.0
1862,u,1,1,1,0,0.28125
1862,u,1,1,1,1,1.8984375
1863,m,0,0,0,0,0.6221590909090935
1863,m,0,0,0,1,0.0
1863,m,0,0,1,0,2.4886363636363633
1863,m,0,0,1,1,31.107954545454543
1863,m,0,1,0,0,0.3564453125
1863,m,0,1,0,1,0.0
1863,m,0,1,1,0,1.42578125
1863,m,0,1,1,1,9.6240234375
1863,m,1,0,0,0,0.8045454545454547
1863,m,1,0,0,1,0.0
1863,m,1,0,1,0,3.2181818181818187
1863,m,1,0,1,1,40.22727272727273
1863,m,1,1,0,0,0.4609375
1863,m,1,1,0,1,0.0
1863,m,1,1,1,0,1.84375
1863,m,1,1,1,1,12.4453125
1863,w,0,0,0,0,0.8624999999999972
1863,w,0,0,0,1,0.0
1863,w,0,0,1,0,3.450000000000003
1863,w,0,0,1,1,43.125
1863,w,0,1,0,0,0.494140625
1863,w,0,1,0,1,0.0
1863,w,0,1,1,0,1.9765625
1863,w,0,1,1,1,13.341796875
1863,w,1,0,0,0,0.6409090909090907
1863,w,1,0,0,1,0.0
1863,w,1,0,1,0,2.5636363636363626
1863,w,1,0,1,1,32.04545454545455
1863,w,1,1,0,0,0.3671875
1863,w,1,1,0,1,0.0
1863,w,1,1,1,0,1.46875
1863,w,1,1,1,1,9.9140625
1863,u,0,0,0,0,0.37159090909090864
1863,u,0,0,0,1,0.0
1863,u,0,0,1,0,1.486363636363638
1863,u,0,0,1,1,18.579545454545453
1863,u,0,1,0,0,0.212890625
1863,u,0,1,0,1,0.0
1863,u,0,1,1,0,0.8515625
1863,u,0,1,1,1,5.748046875
1863,u,1,0,0,0,0.15000000000000036
1863,u,1,0,0,1,0.0
1863,u,1,0,1,0,0.5999999999999996
1863,u,1,0,1,1,7.5
1863,u,1,1,0,0,0.0859375
1863,u,1,1,0,1,0.0
1863,u,1,1,1,0,0.34375
1863,u,1,1,1,1,2.3203125
1864,m,0,0,0,0,0.3852272727272741
1864,m,0,0,0,1,0.0
1864,m,0,0,1,0,1.5409090909090892
1864,m,0,0,1,1,19.261363636363637
1864,m,0,1,0,0,0.220703125
1864,m,0,1,0,1,0.0
1864,m,0,1,1,0,0.8828125
1864,m,0,1,1,1,5.958984375
1864,m,1,0,0,0,1.1181818181818173
1864,m,1,0,0,1,0.0
1864,m,1,0,1,0,4.472727272727276
1864,m,1,0,1,1,55.90909090909091
1864,m,1,1,0,0,0.640625
1864,m,1,1,0,1,0.0
1864,m,1,1,1,0,2.5625
1864,m,1,1,1,1,17.296875
1864,w,0,0,0,0,0.6784090909090921
1864,w,0,0,0,1,0.0
1864,w,0,0,1,0,2.713636363636361
1864,w,0,0,1,1,33.92045454545455
1864,w,0,1,0,0,0.388671875
1864,w,0,1,0,1,0.0
1864,w,0,1,1,0,1.5546875
1864,w,0,1,1,1,10.494140625
1864,w,1,0,0,0,0.8863636363636331
1864,w,1,0,0,1,0.0
1864,w,1,0,1,0,3.5454545454545467
1864,w,1,0,1,1,44.31818181818182
1864,w,1,1,0,0,0.5078125
1864,w,1,1,0,1,0.0
1864,w,1,1,1,0,2.03125
1864,w,1,1,1,1,13.7109375
1864,u,0,0,0,0,0.34602272727272876
1864,u,0,0,0,1,0.0
1864,u,0,0,1,0,1.384090909090908
1864,u,0,0,1,1,17.301136363636363
1864,u,0,1,0,0,0.1982421875
1864,u,0,1,0,1,0.0
1864,u,0,1,1,0,0.79296875
1864,u,0,1,1,1,5.3525390625
1864,u,1,0,0,0,0.19090909090909136
1864,u,1,0,0,1,0.0
1864,u,1,0,1,0,0.7636363636363637
1864,u,1,0,1,1,9.545454545454545
1864,u,1,1,0,0,0.109375
1864,u,1,1,0,1,0.0
1864,u,1,1,1,0,0.4375
1864,u,1,1,1,1,2.953125
1865,m,0,0,0,0,0.7244318181818201
1865,m,0,0,0,1,0.0
1865,m,0,0,1,0,2.8977272727272734
1865,m,0,0,1,1,36.22159090909091
1865,m,0,1,0,0,0.4150390625
1865,m,0,1,0,1,0.0
1865,m,0,1,1,0,1.66015625
1865,m,0,1,1,1,11.2060546875
1865,m,1,0,0,0,0.8863636363636331
1865,m,1,0,0,1,0.0
1865,m,1,0,1,0,3.5454545454545467
1865,m,1,0,1,1,44.31818181818182
1865,m,1,1,0,0,0.5078125
1865,m,1,1,0,1,0.0
1865,m,1,1,1,0,2.03125
1865,m,1,1,1,1,13.7109375
1865,w,0,0,0,0,0.7244318181818201
1865,w,0,0,0,1,0.0
1865,w,0,0,1,0,2.8977272727272734
1865,w,0,0,1,1,36.22159090909091
1865,w,0,1,0,0,0.4150390625
1865,w,0,1,0,1,0.0
1865,w,0,1,1,0,1.66015625
1865,w,0,1,1,1,11.2060546875
1865,w,1,0,0,0,1.009090909090908
1865,w,1,0,0,1,0.0
1865,w,1,0,1,0,4.036363636363639
1865,w,1,0,1,1,50.45454545454545
1865,w,1,1,0,0,0.578125
1865,w,1,1,0,1,0.0
1865,w,1,1,1,0,2.3125
1865,w,1,1,1,1,15.609375
1865,u,0,0,0,0,0.43295454545454604
1865,u,0,0,0,1,0.0
1865,u,0,0,1,0,1.7318181818181806
1865,u,0,0,1,1,21.647727272727273
1865,u,0,1,0,0,0.248046875
1865,u,0,1,0,1,0.0
1865,u,0,1,1,0,0.9921875
1865,u,0,1,1,1,6.697265625
1865,u,1,0,0,0,0.15000000000000036
1865,u,1,0,0,1,0.0
1865,u,1,0,1,0,0.5999999999999996
1865,u,1,0,1,1,7.5
1865,u,1,1,0,0,0.0859375
1865,u,1,1,0,1,0.0
1865,u,1,1,1,0,0.34375
1865,u,1,1,1,1,2.3203125
1866,m,0,0,0,0,0.7789772727272748
1866,m,0,0,0,1,0.0
1866,m,0,0,1,0,3.115909090909092
1866,m,0,0,1,1,38.94886363636363
1866,m,0,1,0,0,0.4462890625
1866,m,0,1,0,1,0.0
1866,m,0,1,1,0,1.78515625
1866,m,0,1,1,1,12.0498046875
1866,m,1,0,0,0,0.8318181818181856
1866,m,1,0,0,1,0.0
1866,m,1,0,1,0,3.327272727272728
1866,m,1,0,1,1,41.590909090909086
1866,m,1,1,0,0,0.4765625
1866,m,1,1,0,1,0.0
1866,m,1,1,1,0,1.90625
1866,m,1,1,1,1,12.8671875
1866,w,0,0,0,0,0.9255681818181856
1866,w,0,0,0,1,0.0
1866,w,0,0,1,0,3.702272727272728
1866,w,0,0,1,1,46.278409090909086
1866,w,0,1,0,0,0.5302734375
1866,w,0,1,0,1,0.0
1866,w,0,1,1,0,2.12109375
1866,w,0,1,1,1,14.3173828125
1866,w,1,0,0,0,0.7772727272727309
1866,w,1,0,0,1,0.0
1866,w,1,0,1,0,3.1090909090909093
1866,w,1,0,1,1,38.86363636363636
1866,w,1,1,0,0,0.4453125
1866,w,1,1,0,1,0.0
1866,w,1,1,1,0,1.78125
1866,w,1,1,1,1,12.0234375
1866,u,0,0,0,0,0.4142045454545453
1866,u,0,0,0,1,0.0
1866,u,0,0,1,0,1.6568181818181813
1866,u,0,0,1,1,20.710227272727273
1866,u,0,1,0,0,0.2373046875
1866,u,0,1,0,1,0.0
1866,u,0,1,1,0,0.94921875
1866,u,0,1,1,1,6.4072265625
1866,u,1,0,0,0,0.12272727272727302
1866,u,1,0,0,1,0.0
1866,u,1,0,1,0,0.4909090909090912
1866,u,1,0,1,1,6.136363636363636
1866,u,1,1,0,0,0.0703125
1866,u,1,1,0,1,0.0
1866,u,1,1,1,0,0.28125
1866,u,1,1,1,1,1.8984375
1867,m,0,0,0,0,0.6204545454545425
1867,m,0,0,0,1,0.0
1867,m,0,0,1,0,2.481818181818184
1867,m,0,0,1,1,31.022727272727273
1867,m,0,1,0,0,0.35546875
1867,m,0,1,0,1,0.0
1867,m,0,1,1,0,1.421875
1867,m,0,1,1,1,9.59765625
1867,m,1,0,0,0,1.0363636363636388
1867,m,1,0,0,1,0.0
1867,m,1,0,1,0,4.145454545454548
1867,m,1,0,1,1,51.81818181818181
1867,m,1,1,0,0,0.59375
1867,m,1,1,0,1,0.0
1867,m,1,1,1,0,2.375
1867,m,1,1,1,1,16.03125
1867,w,0,0,0,0,0.7943181818181841
1867,w,0,0,0,1,0.0
1867,w,0,0,1,0,3.1772727272727295
1867,w,0,0,1,1,39.715909090909086
1867,w,0,1,0,0,0.455078125
1867,w,0,1,0,1,0.0
1867,w,0,1,1,0,1.8203125
1867,w,0,1,1,1,12.287109375
1867,w,1,0,0,0,0.9545454545454533
1867,w,1,0,0,1,0.0
1867,w,1,0,1,0,3.81818181818182
1867,w,1,0,1,1,47.72727272727273
1867,w,1,1,0,0,0.546875
1867,w,1,1,0,1,0.0
1867,w,1,1,1,0,2.1875
1867,w,1,1,1,1,14.765625
1867,u,0,0,0,0,0.3306818181818194
1867,u,0,0,0,1,0.0
1867,u,0,0,1,0,1.3227272727272705
1867,u,0,0,1,1,16.53409090909091
1867,u,0,1,0,0,0.189453125
1867,u,0,1,0,1,0.0
1867,u,0,1,1,0,0.7578125
1867,u,0,1,1,1,5.115234375
1867,u,1,0,0,0,0.19090909090909136
1867,u,1,0,0,1,0.0
1867,u,1,0,1,0,0.7636363636363637
1867,u,1,0,1,1,9.545454545454545
1867,u,1,1,0,0,0.109375
1867,u,1,1,0,1,0.0
1867,u,1,1,1,0,0.4375
1867,u,1,1,1,1,2.953125
1868,m,0,0,0,0,0.7806818181818187
1868,m,0,0,0,1,0.0
1868,m,0,0,1,0,3.122727272727275
1868,m,0,0,1,1,39.03409090909091
1868,m,0,1,0,0,0.447265625
1868,m,0,1,0,1,0.0
1868,m,0,1,1,0,1.7890625
1868,m,0,1,1,1,12.076171875
1868,m,1,0,0,0,0.9681818181818187
1868,m,1,0,0,1,0.0
1868,m,1,0,1,0,3.872727272727275
1868,m,1,0,1,1,48.40909090909091
1868,m,1,1,0,0,0.5546875
1868,m,1,1,0,1,0.0
1868,m,1,1,1,0,2.21875
1868,m,1,1,1,1,14.9765625
1868,w,0,0,0,0,1.0107954545454518
1868,w,0,0,0,1,0.0
1868,w,0,0,1,0,4.0431818181818215
1868,w,0,0,1,1,50.53977272727273
1868,w,0,1,0,0,0.5791015625
1868,w,0,1,0,1,0.0
1868,w,0,1,1,0,2.31640625
1868,w,0,1,1,1,15.6357421875
1868,w,1,0,0,0,0.8454545454545439
1868,w,1,0,0,1,0.0
1868,w,1,0,1,0,3.3818181818181827
1868,w,1,0,1,1,42.27272727272727
1868,w,1,1,0,0,0.484375
1868,w,1,1,0,1,0.0
1868,w,1,1,1,0,1.9375
1868,w,1,1,1,1,13.078125
1868,u,0,0,0,0,0.305113636363636
1868,u,0,0,0,1,0.0
1868,u,0,0,1,0,1.2204545454545457
1868,u,0,0,1,1,15.255681818181818
1868,u,0,1,0,0,0.1748046875
1868,u,0,1,0,1,0.0
1868,u,0,1,1,0,0.69921875
1868,u,0,1,1,1,4.7197265625
1868,u,1,0,0,0,0.23181818181818237
1868,u,1,0,0,1,0.0
1868,u,1,0,1,0,0.9272727272727277
1868,u,1,0,1,1,11.59090909090909
1868,u,1,1,0,0,0.1328125
1868,u,1,1,0,1,0.0
1868,u,1,1,1,0,0.53125
1868,u,1,1,1,1,3.5859375
1869,m,0,0,0,0,1.0823863636363669
1869,m,0,0,0,1,0.0
1869,m,0,0,1,0,4.329545454545453
1869,m,0,0,1,1,54.11931818181818
1869,m,0,1,0,0,0.6201171875
1869,m,0,1,0,1,0.0
1869,m,0,1,1,0,2.48046875
1869,m,0,1,1,1,16.7431640625
1869,m,1,0,0,0,0.6818181818181799
1869,m,1,0,0,1,0.0
1869,m,1,0,1,0,2.7272727272727337
1869,m,1,0,1,1,34.090909090909086
1869,m,1,1,0,0,0.390625
1869,m,1,1,0,1,0.0
1869,m,1,1,1,0,1.5625
1869,m,1,1,1,1,10.546875
1869,w,0,0,0,0,1.1369318181818215
1869,w,0,0,0,1,0.0
1869,w,0,0,1,0,4.547727272727272
1869,w,0,0,1,1,56.84659090909091
1869,w,0,1,0,0,0.6513671875
1869,w,0,1,0,1,0.0
1869,w,0,1,1,0,2.60546875
1869,w,0,1,1,1,17.5869140625
1869,w,1,0,0,0,0.75
1869,w,1,0,0,1,0.0
1869,w,1,0,1,0,3.0
1869,w,1,0,1,1,37.5
1869,w,1,1,0,0,0.4296875
1869,w,1,1,0,1,0.0
1869,w,1,1,1,0,1.71875
1869,w,1,1,1,1,11.6015625
1869,u,0,0,0,0,0.4125000000000014
1869,u,0,0,0,1,0.0
1869,u,0,0,1,0,1.6499999999999986
1869,u,0,0,1,1,20.625
1869,u,0,1,0,0,0.236328125
1869,u,0,1,0,1,0.0
1869,u,0,1,1,0,0.9453125
1869,u,0,1,1,1,6.380859375
1869,u,1,0,0,0,0.10909090909090935
1869,u,1,0,0,1,0.0
1869,u,1,0,1,0,0.4363636363636365
1869,u,1,0,1,1,5.454545454545454
1869,u,1,1,0,0,0.0625
1869,u,1,1,0,1,0.0
1869,u,1,1,1,0,0.25
1869,u,1,1,1,1,1.6875
1870,m,0,0,0,0,0.9784090909090892
1870,m,0,0,0,1,0.0
1870,m,0,0,1,0,3.913636363636364
1870,m,0,0,1,1,48.92045454545455
1870,m,0,1,0,0,0.560546875
1870,m,0,1,0,1,0.0
1870,m,0,1,1,0,2.2421875
1870,m,0,1,1,1,15.134765625
1870,m,1,0,0,0,0.8318181818181856
1870,m,1,0,0,1,0.0
1870,m,1,0,1,0,3.327272727272728
1870,m,1,0,1,1,41.590909090909086
1870,m,1,1,0,0,0.4765625
1870,m,1,1,0,1,0.0
1870,m,1,1,1,0,1.90625
1870,m,1,1,1,1,12.8671875
1870,w,0,0,0,0,1.1079545454545467
1870,w,0,0,0,1,0.0
1870,w,0,0,1,0,4.43181818181818
1870,w,0,0,1,1,55.39772727272727
1870,w,0,1,0,0,0.634765625
1870,w,0,1,0,1,0.0
1870,w,0,1,1,0,2.5390625
1870,w,0,1,1,1,17.138671875
1870,w,1,0,0,0,0.7636363636363654
1870,w,1,0,0,1,0.0
1870,w,1,0,1,0,3.0545454545454547
1870,w,1,0,1,1,38.18181818181818
1870,w,1,1,0,0,0.4375
1870,w,1,1,0,1,0.0
1870,w,1,1,1,0,1.75
1870,w,1,1,1,1,11.8125
1870,u,0,0,0,0,0.3664772727272734
1870,u,0,0,0,1,0.0
1870,u,0,0,1,0,1.46590909090909
1870,u,0,0,1,1,18.323863636363637
1870,u,0,1,0,0,0.2099609375
1870,u,0,1,0,1,0.0
1870,u,0,1,1,0,0.83984375
1870,u,0,1,1,1,5.6689453125
1870,u,1,0,0,0,0.10909090909090935
1870,u,1,0,0,1,0.0
1870,u,1,0,1,0,0.4363636363636365
1870,u,1,0,1,1,5.454545454545454
1870,u,1,1,0,0,0.0625
1870,u,1,1,0,1,0.0
1870,u,1,1,1,0,0.25
1870,u,1,1,1,1,1.6875
1871,m,0,0,0,0,1.0159090909090907
1871,m,0,0,0,1,0.0
1871,m,0,0,1,0,4.063636363636363
1871,m,0,0,1,1,50.79545454545455
1871,m,0,1,0,0,0.58203125
1871,m,0,1,0,1,0.0
1871,m,0,1,1,0,2.328125
1871,m,0,1,1,1,15.71484375
1871,m,1,0,0,0,0.8863636363636331
1871,m,1,0,0,1,0.0
1871,m,1,0,1,0,3.5454545454545467
1871,m,1,0,1,1,44.31818181818182
1871,m,1,1,0,0,0.5078125
1871,m,1,1,0,1,0.0
1871,m,1,1,1,0,2.03125
1871,m,1,1,1,1,13.7109375
1871,w,0,0,0,0,1.472727272727269
1871,w,0,0,0,1,0.0
1871,w,0,0,1,0,5.890909090909091
1871,w,0,0,1,1,73.63636363636364
1871,w,0,1,0,0,0.84375
1871,w,0,1,0,1,0.0
1871,w,0,1,1,0,3.375
1871,w,0,1,1,1,22.78125
1871,w,1,0,0,0,0.6136363636363669
1871,w,1,0,0,1,0.0
1871,w,1,0,1,0,2.4545454545454533
1871,w,1,0,1,1,30.68181818181818
1871,w,1,1,0,0,0.3515625
1871,w,1,1,0,1,0.0
1871,w,1,1,1,0,1.40625
1871,w,1,1,1,1,9.4921875
1871,u,0,0,0,0,0.3852272727272741
1871,u,0,0,0,1,0.0
1871,u,0,0,1,0,1.5409090909090892
1871,u,0,0,1,1,19.261363636363637
1871,u,0,1,0,0,0.220703125
1871,u,0,1,0,1,0.0
1871,u,0,1,1,0,0.8828125
1871,u,0,1,1,1,5.958984375
1871,u,1,0,0,0,0.1363636363636367
1871,u,1,0,0,1,0.0
1871,u,1,0,1,0,0.545454545454545
1871,u,1,0,1,1,6.818181818181818
1871,u,1,1,0,0,0.078125
1871,u,1,1,0,1,0.0
1871,u,1,1,1,0,0.3125
1871,u,1,1,1,1,2.109375
1872,m,0,0,0,0,0.9204545454545467
1872,m,0,0,0,1,0.0
1872,m,0,0,1,0,3.68181818181818
1872,m,0,0,1,1,46.02272727272727
1872,m,0,1,0,0,0.52734375
1872,m,0,1,0,1,0.0
1872,m,0,1,1,0,2.109375
1872,m,0,1,1,1,14.23828125
1872,m,1,0,0,0,0.9818181818181841
1872,m,1,0,0,1,0.0
1872,m,1,0,1,0,3.9272727272727295
1872,m,1,0,1,1,49.090909090909086
1872,m,1,1,0,0,0.5625
1872,m,1,1,0,1,0.0
1872,m,1,1,1,0,2.25
1872,m,1,1,1,1,15.1875
1872,w,0,0,0,0,1.2579545454545524
1872,w,0,0,0,1,0.0
1872,w,0,0,1,0,5.031818181818174
1872,w,0,0,1,1,62.89772727272727
1872,w,0,1,0,0,0.720703125
1872,w,0,1,0,1,0.0
1872,w,0,1,1,0,2.8828125
1872,w,0,1,1,1,19.458984375
1872,w,1,0,0,0,0.8590909090909093
1872,w,1,0,0,1,0.0
1872,w,1,0,1,0,3.4363636363636374
1872,w,1,0,1,1,42.95454545454545
1872,w,1,1,0,0,0.4921875
1872,w,1,1,0,1,0.0
1872,w,1,1,1,0,1.96875
1872,w,1,1,1,1,13.2890625
1872,u,0,0,0,0,0.3835227272727266
1872,u,0,0,0,1,0.0
1872,u,0,0,1,0,1.53409090909091
1872,u,0,0,1,1,19.176136363636363
1872,u,0,1,0,0,0.2197265625
1872,u,0,1,0,1,0.0
1872,u,0,1,1,0,0.87890625
1872,u,0,1,1,1,5.9326171875
1872,u,1,0,0,0,0.12272727272727302
1872,u,1,0,0,1,0.0
1872,u,1,0,1,0,0.4909090909090912
1872,u,1,0,1,1,6.136363636363636
1872,u,1,1,0,0,0.0703125
1872,u,1,1,0,1,0.0
1872,u,1,1,1,0,0.28125
1872,u,1,1,1,1,1.8984375
1873,m,0,0,0,0,1.0397727272727266
1873,m,0,0,0,1,0.0
1873,m,0,0,1,0,4.159090909090914
1873,m,0,0,1,1,51.98863636363636
1873,m,0,1,0,0,0.595703125
1873,m,0,1,0,1,0.0
1873,m,0,1,1,0,2.3828125
1873,m,0,1,1,1,16.083984375
1873,m,1,0,0,0,0.9545454545454533
1873,m,1,0,0,1,0.0
1873,m,1,0,1,0,3.81818181818182
1873,m,1,0,1,1,47.72727272727273
1873,m,1,1,0,0,0.546875
1873,m,1,1,0,1,0.0
1873,m,1,1,1,0,2.1875
1873,m,1,1,1,1,14.765625
1873,w,0,0,0,0,1.1369318181818215
1873,w,0,0,0,1,0.0
1873,w,0,0,1,0,4.547727272727272
1873,w,0,0,1,1,56.84659090909091
1873,w,0,1,0,0,0.6513671875
1873,w,0,1,0,1,0.0
1873,w,0,1,1,0,2.60546875
1873,w,0,1,1,1,17.5869140625
1873,w,1,0,0,0,1.1181818181818173
1873,w,1,0,0,1,0.0
1873,w,1,0,1,0,4.472727272727276
1873,w,1,0,1,1,55.90909090909091
1873,w,1,1,0,0,0.640625
1873,w,1,1,0,1,0.0
1873,w,1,1,1,0,2.5625
1873,w,1,1,1,1,17.296875
1873,u,0,0,0,0,0.3017045454545446
1873,u,0,0,0,1,0.0
1873,u,0,0,1,0,1.2068181818181838
1873,u,0,0,1,1,15.085227272727272
1873,u,0,1,0,0,0.1728515625
1873,u,0,1,0,1,0.0
1873,u,0,1,1,0,0.69140625
1873,u,0,1,1,1,4.6669921875
1873,u,1,0,0,0,0.20454545454545503
1873,u,1,0,0,1,0.0
1873,u,1,0,1,0,0.8181818181818183
1873,u,1,0,1,1,10.227272727272727
1873,u,1,1,0,0,0.1171875
1873,u,1,1,0,1,0.0
1873,u,1,1,1,0,0.46875
1873,u,1,1,1,1,3.1640625
1874,m,0,0,0,0,0.9664772727272748
1874,m,0,0,0,1,0.0
1874,m,0,0,1,0,3.865909090909092
1874,m,0,0,1,1,48.32386363636363
1874,m,0,1,0,0,0.5537109375
1874,m,0,1,0,1,0.0
1874,m,0,1,1,0,2.21484375
1874,m,0,1,1,1,14.9501953125
1874,m,1,0,0,0,0.9818181818181841
1874,m,1,0,0,1,0.0
1874,m,1,0,1,0,3.9272727272727295
1874,m,1,0,1,1,49.090909090909086
1874,m,1,1,0,0,0.5625
1874,m,1,1,0,1,0.0
1874,m,1,1,1,0,2.25
1874,m,1,1,1,1,15.1875
1874,w,0,0,0,0,1.265625
1874,w,0,0,0,1,0.0
1874,w,0,0,1,0,5.0625
1874,w,0,0,1,1,63.28125
1874,w,0,1,0,0,0.72509765625
1874,w,0,1,0,1,0.0
1874,w,0,1,1,0,2.900390625
1874,w,0,1,1,1,19.57763671875
1874,w,1,0,0,0,0.9818181818181841
1874,w,1,0,0,1,0.0
1874,w,1,0,1,0,3.9272727272727295
1874,w,1,0,1,1,49.090909090909086
1874,w,1,1,0,0,0.5625
1874,w,1,1,0,1,0.0
1874,w,1,1,1,0,2.25
1874,w,1,1,1,1,15.1875
1874,u,0,0,0,0,0.3545454545454554
1874,u,0,0,0,1,0.0
1874,u,0,0,1,0,1.418181818181818
1874,u,0,0,1,1,17.727272727272727
1874,u,0,1,0,0,0.203125
1874,u,0,1,0,1,0.0
1874,u,0,1,1,0,0.8125
1874,u,0,1,1,1,5.484375
1874,u,1,0,0,0,0.1363636363636367
1874,u,1,0,0,1,0.0
1874,u,1,0,1,0,0.545454545454545
1874,u,1,0,1,1,6.818181818181818
1874,u,1,1,0,0,0.078125
1874,u,1,1,0,1,0.0
1874,u,1,1,1,0,0.3125
1874,u,1,1,1,1,2.109375
1875,m,0,0,0,0,1.2085227272727224
1875,m,0,0,0,1,0.0
1875,m,0,0,1,0,4.834090909090918
1875,m,0,0,1,1,60.42613636363636
1875,m,0,1,0,0,0.6923828125
1875,m,0,1,0,1,0.0
1875,m,0,1,1,0,2.76953125
1875,m,0,1,1,1,18.6943359375
1875,m,1,0,0,0,0.8318181818181856
1875,m,1,0,0,1,0.0
1875,m,1,0,1,0,3.327272727272728
1875,m,1,0,1,1,41.590909090909086
1875,m,1,1,0,0,0.4765625
1875,m,1,1,0,1,0.0
1875,m,1,1,1,0,1.90625
1875,m,1,1,1,1,12.8671875
1875,w,0,0,0,0,1.148863636363636
1875,w,0,0,0,1,0.0
1875,w,0,0,1,0,4.595454545454551
1875,w,0,0,1,1,57.44318181818181
1875,w,0,1,0,0,0.658203125
1875,w,0,1,0,1,0.0
1875,w,0,1,1,0,2.6328125
1875,w,0,1,1,1,17.771484375
1875,w,1,0,0,0,1.336363636363643
1875,w,1,0,0,1,0.0
1875,w,1,0,1,0,5.345454545454544
1875,w,1,0,1,1,66.81818181818181
1875,w,1,1,0,0,0.765625
1875,w,1,1,0,1,0.0
1875,w,1,1,1,0,3.0625
1875,w,1,1,1,1,20.671875
1875,u,0,0,0,0,0.36988636363636473
1875,u,0,0,0,1,0.0
1875,u,0,0,1,0,1.4795454545454554
1875,u,0,0,1,1,18.49431818181818
1875,u,0,1,0,0,0.2119140625
1875,u,0,1,0,1,0.0
1875,u,0,1,1,0,0.84765625
1875,u,0,1,1,1,5.7216796875
1875,u,1,0,0,0,0.1363636363636367
1875,u,1,0,0,1,0.0
1875,u,1,0,1,0,0.545454545454545
1875,u,1,0,1,1,6.818181818181818
1875,u,1,1,0,0,0.078125
1875,u,1,1,0,1,0.0
1875,u,1,1,1,0,0.3125
1875,u,1,1,1,1,2.109375
1876,m,0,0,0,0,1.0602272727272748
1876,m,0,0,0,1,0.0
1876,m,0,0,1,0,4.240909090909092
1876,m,0,0,1,1,53.01136363636363
1876,m,0,1,0,0,0.607421875
1876,m,0,1,0,1,0.0
1876,m,0,1,1,0,2.4296875
1876,m,0,1,1,1,16.400390625
1876,m,1,0,0,0,1.1181818181818173
1876,m,1,0,0,1,0.0
1876,m,1,0,1,0,4.472727272727276
1876,m,1,0,1,1,55.90909090909091
1876,m,1,1,0,0,0.640625
1876,m,1,1,0,1,0.0
1876,m,1,1,1,0,2.5625
1876,m,1,1,1,1,17.296875
1876,w,0,0,0,0,1.5
1876,w,0,0,0,1,0.0
1876,w,0,0,1,0,6.0
1876,w,0,0,1,1,75.0
1876,w,0,1,0,0,0.859375
1876,w,0,1,0,1,0.0
1876,w,0,1,1,0,3.4375
1876,w,0,1,1,1,23.203125
1876,w,1,0,0,0,1.077272727272728
1876,w,1,0,0,1,0.0
1876,w,1,0,1,0,4.309090909090912
1876,w,1,0,1,1,53.86363636363636
1876,w,1,1,0,0,0.6171875
1876,w,1,1,0,1,0.0
1876,w,1,1,1,0,2.46875
1876,w,1,1,1,1,16.6640625
1876,u,0,0,0,0,0.3426136363636374
1876,u,0,0,0,1,0.0
1876,u,0,0,1,0,1.370454545454546
1876,u,0,0,1,1,17.130681818181817
1876,u,0,1,0,0,0.1962890625
1876,u,0,1,0,1,0.0
1876,u,0,1,1,0,0.78515625
1876,u,0,1,1,1,5.2998046875
1876,u,1,0,0,0,0.16363636363636402
1876,u,1,0,0,1,0.0
1876,u,1,0,1,0,0.6545454545454543
1876,u,1,0,1,1,8.181818181818182
1876,u,1,1,0,0,0.09375
1876,u,1,1,0,1,0.0
1876,u,1,1,1,0,0.375
1876,u,1,1,1,1,2.53125
1877,m,0,0,0,0,1.4011363636363683
1877,m,0,0,0,1,0.0
1877,m,0,0,1,0,5.604545454545459
1877,m,0,0,1,1,70.05681818181817
1877,m,0,1,0,0,0.802734375
1877,m,0,1,0,1,0.0
1877,m,0,1,1,0,3.2109375
1877,m,0,1,1,1,21.673828125
1877,m,1,0,0,0,0.8999999999999986
1877,m,1,0,0,1,0.0
1877,m,1,0,1,0,3.6000000000000014
1877,m,1,0,1,1,45.0
1877,m,1,1,0,0,0.515625
1877,m,1,1,0,1,0.0
1877,m,1,1,1,0,2.0625
1877,m,1,1,1,1,13.921875
1877,w,0,0,0,0,1.474431818181813
1877,w,0,0,0,1,0.0
1877,w,0,0,1,0,5.8977272727272805
1877,w,0,0,1,1,73.7215909090909
1877,w,0,1,0,0,0.8447265625
1877,w,0,1,0,1,0.0
1877,w,0,1,1,0,3.37890625
1877,w,0,1,1,1,22.8076171875
1877,w,1,0,0,0,1.240909090909085
1877,w,1,0,0,1,0.0
1877,w,1,0,1,0,4.963636363636368
1877,w,1,0,1,1,62.04545454545455
1877,w,1,1,0,0,0.7109375
1877,w,1,1,0,1,0.0
1877,w,1,1,1,0,2.84375
1877,w,1,1,1,1,19.1953125
1877,u,0,0,0,0,0.4125000000000014
1877,u,0,0,0,1,0.0
1877,u,0,0,1,0,1.6499999999999986
1877,u,0,0,1,1,20.625
1877,u,0,1,0,0,0.236328125
1877,u,0,1,0,1,0.0
1877,u,0,1,1,0,0.9453125
1877,u,0,1,1,1,6.380859375
1877,u,1,0,0,0,0.10909090909090935
1877,u,1,0,0,1,0.0
1877,u,1,0,1,0,0.4363636363636365
1877,u,1,0,1,1,5.454545454545454
1877,u,1,1,0,0,0.0625
1877,u,1,1,0,1,0.0
1877,u,1,1,1,0,0.25
1877,u,1,1,1,1,1.6875
1878,m,0,0,0,0,1.4420454545454504
1878,m,0,0,0,1,0.0
1878,m,0,0,1,0,5.76818181818183
1878,m,0,0,1,1,72.10227272727272
1878,m,0,1,0,0,0.826171875
1878,m,0,1,0,1,0.0
1878,m,0,1,1,0,3.3046875
1878,m,0,1,1,1,22.306640625
1878,m,1,0,0,0,0.9818181818181841
1878,m,1,0,0,1,0.0
1878,m,1,0,1,0,3.9272727272727295
1878,m,1,0,1,1,49.090909090909086
1878,m,1,1,0,0,0.5625
1878,m,1,1,0,1,0.0
1878,m,1,1,1,0,2.25
1878,m,1,1,1,1,15.1875
1878,w,0,0,0,0,1.6943181818181756
1878,w,0,0,0,1,0.0
1878,w,0,0,1,0,6.777272727272731
1878,w,0,0,1,1,84.7159090909091
1878,w,0,1,0,0,0.970703125
1878,w,0,1,0,1,0.0
1878,w,0,1,1,0,3.8828125
1878,w,0,1,1,1,26.208984375
1878,w,1,0,0,0,1.1590909090909065
1878,w,1,0,0,1,0.0
1878,w,1,0,1,0,4.63636363636364
1878,w,1,0,1,1,57.95454545454545
1878,w,1,1,0,0,0.6640625
1878,w,1,1,0,1,0.0
1878,w,1,1,1,0,2.65625
1878,w,1,1,1,1,17.9296875
1878,u,0,0,0,0,0.34602272727272876
1878,u,0,0,0,1,0.0
1878,u,0,0,1,0,1.384090909090908
1878,u,0,0,1,1,17.301136363636363
1878,u,0,1,0,0,0.1982421875
1878,u,0,1,0,1,0.0
1878,u,0,1,1,0,0.79296875
1878,u,0,1,1,1,5.3525390625
1878,u,1,0,0,0,0.19090909090909136
1878,u,1,0,0,1,0.0
1878,u,1,0,1,0,0.7636363636363637
1878,u,1,0,1,1,9.545454545454545
1878,u,1,1,0,0,0.109375
1878,u,1,1,0,1,0.0
1878,u,1,1,1,0,0.4375
1878,u,1,1,1,1,2.953125
1879,m,0,0,0,0,1.477840909090915
1879,m,0,0,0,1,0.0
1879,m,0,0,1,0,5.911363636363632
1879,m,0,0,1,1,73.89204545454545
1879,m,0,1,0,0,0.8466796875
1879,m,0,1,0,1,0.0
1879,m,0,1,1,0,3.38671875
1879,m,0,1,1,1,22.8603515625
1879,m,1,0,0,0,1.1454545454545482
1879,m,1,0,0,1,0.0
1879,m,1,0,1,0,4.5818181818181785
1879,m,1,0,1,1,57.27272727272727
1879,m,1,1,0,0,0.65625
1879,m,1,1,0,1,0.0
1879,m,1,1,1,0,2.625
1879,m,1,1,1,1,17.71875
1879,w,0,0,0,0,1.7897727272727337
1879,w,0,0,0,1,0.0
1879,w,0,0,1,0,7.1590909090909065
1879,w,0,0,1,1,89.48863636363636
1879,w,0,1,0,0,1.025390625
1879,w,0,1,0,1,0.0
1879,w,0,1,1,0,4.1015625
1879,w,0,1,1,1,27.685546875
1879,w,1,0,0,0,1.3090909090909122
1879,w,1,0,0,1,0.0
1879,w,1,0,1,0,5.2363636363636346
1879,w,1,0,1,1,65.45454545454545
1879,w,1,1,0,0,0.75
1879,w,1,1,0,1,0.0
1879,w,1,1,1,0,3.0
1879,w,1,1,1,1,20.25
1879,u,0,0,0,0,0.40227272727272734
1879,u,0,0,0,1,0.0
1879,u,0,0,1,0,1.6090909090909093
1879,u,0,0,1,1,20.113636363636363
1879,u,0,1,0,0,0.23046875
1879,u,0,1,0,1,0.0
1879,u,0,1,1,0,0.921875
1879,u,0,1,1,1,6.22265625
1879,u,1,0,0,0,0.15000000000000036
1879,u,1,0,0,1,0.0
1879,u,1,0,1,0,0.5999999999999996
1879,u,1,0,1,1,7.5
1879,u,1,1,0,0,0.0859375
1879,u,1,1,0,1,0.0
1879,u,1,1,1,0,0.34375
1879,u,1,1,1,1,2.3203125
1880,m,0,0,0,0,1.5801136363636346
1880,m,0,0,0,1,0.0
1880,m,0,0,1,0,6.320454545454552
1880,m,0,0,1,1,79.00568181818181
1880,m,0,1,0,0,0.9052734375
1880,m,0,1,0,1,0.0
1880,m,0,1,1,0,3.62109375
1880,m,0,1,1,1,24.4423828125
1880,m,1,0,0,0,1.1045454545454518
1880,m,1,0,0,1,0.0
1880,m,1,0,1,0,4.4181818181818215
1880,m,1,0,1,1,55.22727272727273
1880,m,1,1,0,0,0.6328125
1880,m,1,1,0,1,0.0
1880,m,1,1,1,0,2.53125
1880,m,1,1,1,1,17.0859375
1880,w,0,0,0,0,1.709659090909085
1880,w,0,0,0,1,0.0
1880,w,0,0,1,0,6.838636363636368
1880,w,0,0,1,1,85.48295454545455
1880,w,0,1,0,0,0.9794921875
1880,w,0,1,0,1,0.0
1880,w,0,1,1,0,3.91796875
1880,w,0,1,1,1,26.4462890625
1880,w,1,0,0,0,1.404545454545456
1880,w,1,0,0,1,0.0
1880,w,1,0,1,0,5.618181818181824
1880,w,1,0,1,1,70.22727272727272
1880,w,1,1,0,0,0.8046875
1880,w,1,1,0,1,0.0
1880,w,1,1,1,0,3.21875
1880,w,1,1,1,1,21.7265625
1880,u,0,0,0,0,0.444886363636364
1880,u,0,0,0,1,0.0
1880,u,0,0,1,0,1.779545454545456
1880,u,0,0,1,1,22.24431818181818
1880,u,0,1,0,0,0.2548828125
1880,u,0,1,0,1,0.0
1880,u,0,1,1,0,1.01953125
1880,u,0,1,1,1,6.8818359375
1880,u,1,0,0,0,0.12272727272727302
1880,u,1,0,0,1,0.0
1880,u,1,0,1,0,0.4909090909090912
1880,u,1,0,1,1,6.136363636363636
1880,u,1,1,0,0,0.0703125
1880,u,1,1,0,1,0.0
1880,u,1,1,1,0,0.28125
1880,u,1,1,1,1,1.8984375
1881,m,0,0,0,0,1.8886363636363654
1881,m,0,0,0,1,0.0
1881,m,0,0,1,0,7.554545454545462
1881,m,0,0,1,1,94.43181818181817
1881,m,0,1,0,0,1.08203125
1881,m,0,1,0,1,0.0
1881,m,0,1,1,0,4.328125
1881,m,0,1,1,1,29.21484375
1881,m,1,0,0,0,0.8727272727272748
1881,m,1,0,0,1,0.0
1881,m,1,0,1,0,3.490909090909092
1881,m,1,0,1,1,43.63636363636363
1881,m,1,1,0,0,0.5
1881,m,1,1,0,1,0.0
1881,m,1,1,1,0,2.0
1881,m,1,1,1,1,13.5
1881,w,0,0,0,0,1.9159090909090963
1881,w,0,0,0,1,0.0
1881,w,0,0,1,0,7.663636363636357
1881,w,0,0,1,1,95.79545454545455
1881,w,0,1,0,0,1.09765625
1881,w,0,1,0,1,0.0
1881,w,0,1,1,0,4.390625
1881,w,0,1,1,1,29.63671875
1881,w,1,0,0,0,1.2136363636363683
1881,w,1,0,0,1,0.0
1881,w,1,0,1,0,4.854545454545452
1881,w,1,0,1,1,60.68181818181818
1881,w,1,1,0,0,0.6953125
1881,w,1,1,0,1,0.0
1881,w,1,1,1,0,2.78125
1881,w,1,1,1,1,18.7734375
1881,u,0,0,0,0,0.42784090909091077
1881,u,0,0,0,1,0.0
1881,u,0,0,1,0,1.711363636363636
1881,u,0,0,1,1,21.392045454545453
1881,u,0,1,0,0,0.2451171875
1881,u,0,1,0,1,0.0
1881,u,0,1,1,0,0.98046875
1881,u,0,1,1,1,6.6181640625
1881,u,1,0,0,0,0.10909090909090935
1881,u,1,0,0,1,0.0
1881,u,1,0,1,0,0.4363636363636365
1881,u,1,0,1,1,5.454545454545454
1881,u,1,1,0,0,0.0625
1881,u,1,1,0,1,0.0
1881,u,1,1,1,0,0.25
1881,u,1,1,1,1,1.6875
1882,m,0,0,0,0,1.9329545454545496
1882,m,0,0,0,1,0.0
1882,m,0,0,1,0,7.731818181818184
1882,m,0,0,1,1,96.64772727272727
1882,m,0,1,0,0,1.107421875
1882,m,0,1,0,1,0.0
1882,m,0,1,1,0,4.4296875
1882,m,0,1,1,1,29.900390625
1882,m,1,0,0,0,0.8590909090909093
1882,m,1,0,0,1,0.0
1882,m,1,0,1,0,3.4363636363636374
1882,m,1,0,1,1,42.95454545454545
1882,m,1,1,0,0,0.4921875
1882,m,1,1,0,1,0.0
1882,m,1,1,1,0,1.96875
1882,m,1,1,1,1,13.2890625
1882,w,0,0,0,0,1.7659090909090907
1882,w,0,0,0,1,0.0
1882,w,0,0,1,0,7.063636363636363
1882,w,0,0,1,1,88.29545454545455
1882,w,0,1,0,0,1.01171875
1882,w,0,1,0,1,0.0
1882,w,0,1,1,0,4.046875
1882,w,0,1,1,1,27.31640625
1882,w,1,0,0,0,1.3636363636363598
1882,w,1,0,0,1,0.0
1882,w,1,0,1,0,5.4545454545454675
1882,w,1,0,1,1,68.18181818181817
1882,w,1,1,0,0,0.78125
1882,w,1,1,0,1,0.0
1882,w,1,1,1,0,3.125
1882,w,1,1,1,1,21.09375
1882,u,0,0,0,0,0.3852272727272741
1882,u,0,0,0,1,0.0
1882,u,0,0,1,0,1.5409090909090892
1882,u,0,0,1,1,19.261363636363637
1882,u,0,1,0,0,0.220703125
1882,u,0,1,0,1,0.0
1882,u,0,1,1,0,0.8828125
1882,u,0,1,1,1,5.958984375
1882,u,1,0,0,0,0.1363636363636367
1882,u,1,0,0,1,0.0
1882,u,1,0,1,0,0.545454545454545
1882,u,1,0,1,1,6.818181818181818
1882,u,1,1,0,0,0.078125
1882,u,1,1,0,1,0.0
1882,u,1,1,1,0,0.3125
1882,u,1,1,1,1,2.109375
1883,m,0,0,0,0,2.275568181818187
1883,m,0,0,0,1,0.0
1883,m,0,0,1,0,9.10227272727272
1883,m,0,0,1,1,113.7784090909091
1883,m,0,1,0,0,1.3037109375
1883,m,0,1,0,1,0.0
1883,m,0,1,1,0,5.21484375
1883,m,0,1,1,1,35.2001953125
1883,m,1,0,0,0,0.8999999999999986
1883,m,1,0,0,1,0.0
1883,m,1,0,1,0,3.6000000000000014
1883,m,1,0,1,1,45.0
1883,m,1,1,0,0,0.515625
1883,m,1,1,0,1,0.0
1883,m,1,1,1,0,2.0625
1883,m,1,1,1,1,13.921875
1883,w,0,0,0,0,1.7897727272727337
1883,w,0,0,0,1,0.0
1883,w,0,0,1,0,7.1590909090909065
1883,w,0,0,1,1,89.48863636363636
1883,w,0,1,0,0,1.025390625
1883,w,0,1,0,1,0.0
1883,w,0,1,1,0,4.1015625
1883,w,0,1,1,1,27.685546875
1883,w,1,0,0,0,1.6772727272727224
1883,w,1,0,0,1,0.0
1883,w,1,0,1,0,6.709090909090918
1883,w,1,0,1,1,83.86363636363636
1883,w,1,1,0,0,0.9609375
1883,w,1,1,0,1,0.0
1883,w,1,1,1,0,3.84375
1883,w,1,1,1,1,25.9453125
1883,u,0,0,0,0,0.3647727272727259
1883,u,0,0,0,1,0.0
1883,u,0,0,1,0,1.4590909090909108
1883,u,0,0,1,1,18.238636363636363
1883,u,0,1,0,0,0.208984375
1883,u,0,1,0,1,0.0
1883,u,0,1,1,0,0.8359375
1883,u,0,1,1,1,5.642578125
1883,u,1,0,0,0,0.2181818181818187
1883,u,1,0,0,1,0.0
1883,u,1,0,1,0,0.872727272727273
1883,u,1,0,1,1,10.909090909090908
1883,u,1,1,0,0,0.125
1883,u,1,1,0,1,0.0
1883,u,1,1,1,0,0.5
1883,u,1,1,1,1,3.375
1884,m,0,0,0,0,2.4068181818181813
1884,m,0,0,0,1,0.0
1884,m,0,0,1,0,9.627272727272725
1884,m,0,0,1,1,120.3409090909091
1884,m,0,1,0,0,1.37890625
1884,m,0,1,0,1,0.0
1884,m,0,1,1,0,5.515625
1884,m,0,1,1,1,37.23046875
1884,m,1,0,0,0,0.9681818181818187
1884,m,1,0,0,1,0.0
1884,m,1,0,1,0,3.872727272727275
1884,m,1,0,1,1,48.40909090909091
1884,m,1,1,0,0,0.5546875
1884,m,1,1,0,1,0.0
1884,m,1,1,1,0,2.21875
1884,m,1,1,1,1,14.9765625
1884,w,0,0,0,0,2.152840909090912
1884,w,0,0,0,1,0.0
1884,w,0,0,1,0,8.611363636363635
1884,w,0,0,1,1,107.64204545454545
1884,w,0,1,0,0,1.2333984375
1884,w,0,1,0,1,0.0
1884,w,0,1,1,0,4.93359375
1884,w,0,1,1,1,33.3017578125
1884,w,1,0,0,0,1.3909090909090907
1884,w,1,0,0,1,0.0
1884,w,1,0,1,0,5.563636363636363
1884,w,1,0,1,1,69.54545454545455
1884,w,1,1,0,0,0.796875
1884,w,1,1,0,1,0.0
1884,w,1,1,1,0,3.1875
1884,w,1,1,1,1,21.515625
1884,u,0,0,0,0,0.37840909090909136
1884,u,0,0,0,1,0.0
1884,u,0,0,1,0,1.5136363636363654
1884,u,0,0,1,1,18.920454545454543
1884,u,0,1,0,0,0.216796875
1884,u,0,1,0,1,0.0
1884,u,0,1,1,0,0.8671875
1884,u,0,1,1,1,5.853515625
1884,u,1,0,0,0,0.20454545454545503
1884,u,1,0,0,1,0.0
1884,u,1,0,1,0,0.8181818181818183
1884,u,1,0,1,1,10.227272727272727
1884,u,1,1,0,0,0.1171875
1884,u,1,1,0,1,0.0
1884,u,1,1,1,0,0.46875
1884,u,1,1,1,1,3.1640625
1885,m,0,0,0,0,2.1971590909090963
1885,m,0,0,0,1,0.0
1885,m,0,0,1,0,8.788636363636357
1885,m,0,0,1,1,109.85795454545455
1885,m,0,1,0,0,1.2587890625
1885,m,0,1,0,1,0.0
1885,m,0,1,1,0,5.03515625
1885,m,0,1,1,1,33.9873046875
1885,m,1,0,0,0,1.009090909090908
1885,m,1,0,0,1,0.0
1885,m,1,0,1,0,4.036363636363639
1885,m,1,0,1,1,50.45454545454545
1885,m,1,1,0,0,0.578125
1885,m,1,1,0,1,0.0
1885,m,1,1,1,0,2.3125
1885,m,1,1,1,1,15.609375
1885,w,0,0,0,0,1.8579545454545467
1885,w,0,0,0,1,0.0
1885,w,0,0,1,0,7.431818181818187
1885,w,0,0,1,1,92.89772727272727
1885,w,0,1,0,0,1.064453125
1885,w,0,1,0,1,0.0
1885,w,0,1,1,0,4.2578125
1885,w,0,1,1,1,28.740234375
1885,w,1,0,0,0,1.4863636363636346
1885,w,1,0,0,1,0.0
1885,w,1,0,1,0,5.945454545454552
1885,w,1,0,1,1,74.31818181818181
1885,w,1,1,0,0,0.8515625
1885,w,1,1,0,1,0.0
1885,w,1,1,1,0,3.40625
1885,w,1,1,1,1,22.9921875
1885,u,0,0,0,0,0.43977272727272876
1885,u,0,0,0,1,0.0
1885,u,0,0,1,0,1.759090909090908
1885,u,0,0,1,1,21.988636363636363
1885,u,0,1,0,0,0.251953125
1885,u,0,1,0,1,0.0
1885,u,0,1,1,0,1.0078125
1885,u,0,1,1,1,6.802734375
1885,u,1,0,0,0,0.08181818181818201
1885,u,1,0,0,1,0.0
1885,u,1,0,1,0,0.32727272727272716
1885,u,1,0,1,1,4.090909090909091
1885,u,1,1,0,0,0.046875
1885,u,1,1,0,1,0.0
1885,u,1,1,1,0,0.1875
1885,u,1,1,1,1,1.265625
1886,m,0,0,0,0,2.3369318181818244
1886,m,0,0,0,1,0.0
1886,m,0,0,1,0,9.347727272727269
1886,m,0,0,1,1,116.8465909090909
1886,m,0,1,0,0,1.3388671875
1886,m,0,1,0,1,0.0
1886,m,0,1,1,0,5.35546875
1886,m,0,1,1,1,36.1494140625
1886,m,1,0,0,0,1.0227272727272734
1886,m,1,0,0,1,0.0
1886,m,1,0,1,0,4.0909090909090935
1886,m,1,0,1,1,51.13636363636363
1886,m,1,1,0,0,0.5859375
1886,m,1,1,0,1,0.0
1886,m,1,1,1,0,2.34375
1886,m,1,1,1,1,15.8203125
1886,w,0,0,0,0,1.989204545454541
1886,w,0,0,0,1,0.0
1886,w,0,0,1,0,7.956818181818193
1886,w,0,0,1,1,99.46022727272727
1886,w,0,1,0,0,1.1396484375
1886,w,0,1,0,1,0.0
1886,w,0,1,1,0,4.55859375
1886,w,0,1,1,1,30.7705078125
1886,w,1,0,0,0,1.3090909090909122
1886,w,1,0,0,1,0.0
1886,w,1,0,1,0,5.2363636363636346
1886,w,1,0,1,1,65.45454545454545
1886,w,1,1,0,0,0.75
1886,w,1,1,0,1,0.0
1886,w,1,1,1,0,3.0
1886,w,1,1,1,1,20.25
1886,u,0,0,0,0,0.4159090909090928
1886,u,0,0,0,1,0.0
1886,u,0,0,1,0,1.663636363636364
1886,u,0,0,1,1,20.795454545454543
1886,u,0,1,0,0,0.23828125
1886,u,0,1,0,1,0.0
1886,u,0,1,1,0,0.953125
1886,u,0,1,1,1,6.43359375
1886,u,1,0,0,0,0.1363636363636367
1886,u,1,0,0,1,0.0
1886,u,1,0,1,0,0.545454545454545
1886,u,1,0,1,1,6.818181818181818
1886,u,1,1,0,0,0.078125
1886,u,1,1,0,1,0.0
1886,u,1,1,1,0,0.3125
1886,u,1,1,1,1,2.109375
1887,m,0,0,0,0,2.5636363636363626
1887,m,0,0,0,1,0.0
1887,m,0,0,1,0,10.25454545454545
1887,m,0,0,1,1,128.1818181818182
1887,m,0,1,0,0,1.46875
1887,m,0,1,0,1,0.0
1887,m,0,1,1,0,5.875
1887,m,0,1,1,1,39.65625
1887,m,1,0,0,0,1.1181818181818173
1887,m,1,0,0,1,0.0
1887,m,1,0,1,0,4.472727272727276
1887,m,1,0,1,1,55.90909090909091
1887,m,1,1,0,0,0.640625
1887,m,1,1,0,1,0.0
1887,m,1,1,1,0,2.5625
1887,m,1,1,1,1,17.296875
1887,w,0,0,0,0,2.3488636363636317
1887,w,0,0,0,1,0.0
1887,w,0,0,1,0,9.395454545454555
1887,w,0,0,1,1,117.44318181818181
1887,w,0,1,0,0,1.345703125
1887,w,0,1,0,1,0.0
1887,w,0,1,1,0,5.3828125
1887,w,0,1,1,1,36.333984375
1887,w,1,0,0,0,1.1181818181818173
1887,w,1,0,0,1,0.0
1887,w,1,0,1,0,4.472727272727276
1887,w,1,0,1,1,55.90909090909091
1887,w,1,1,0,0,0.640625
1887,w,1,1,0,1,0.0
1887,w,1,1,1,0,2.5625
1887,w,1,1,1,1,17.296875
1887,u,0,0,0,0,0.5011363636363626
1887,u,0,0,0,1,0.0
1887,u,0,0,1,0,2.0045454545454575
1887,u,0,0,1,1,25.05681818181818
1887,u,0,1,0,0,0.287109375
1887,u,0,1,0,1,0.0
1887,u,0,1,1,0,1.1484375
1887,u,0,1,1,1,7.751953125
1887,u,1,0,0,0,0.08181818181818201
1887,u,1,0,0,1,0.0
1887,u,1,0,1,0,0.32727272727272716
1887,u,1,0,1,1,4.090909090909091
1887,u,1,1,0,0,0.046875
1887,u,1,1,0,1,0.0
1887,u,1,1,1,0,0.1875
1887,u,1,1,1,1,1.265625
1888,m,0,0,0,0,3.0357954545454504
1888,m,0,0,0,1,0.0
1888,m,0,0,1,0,12.14318181818183
1888,m,0,0,1,1,151.78977272727272
1888,m,0,1,0,0,1.7392578125
1888,m,0,1,0,1,0.0
1888,m,0,1,1,0,6.95703125
1888,m,0,1,1,1,46.9599609375
1888,m,1,0,0,0,1.0909090909090935
1888,m,1,0,0,1,0.0
1888,m,1,0,1,0,4.36363636363636
1888,m,1,0,1,1,54.54545454545455
1888,m,1,1,0,0,0.625
1888,m,1,1,0,1,0.0
1888,m,1,1,1,0,2.5
1888,m,1,1,1,1,16.875
1888,w,0,0,0,0,2.665909090909082
1888,w,0,0,0,1,0.0
1888,w,0,0,1,0,10.663636363636385
1888,w,0,0,1,1,133.29545454545453
1888,w,0,1,0,0,1.52734375
1888,w,0,1,0,1,0.0
1888,w,0,1,1,0,6.109375
1888,w,0,1,1,1,41.23828125
1888,w,1,0,0,0,1.077272727272728
1888,w,1,0,0,1,0.0
1888,w,1,0,1,0,4.309090909090912
1888,w,1,0,1,1,53.86363636363636
1888,w,1,1,0,0,0.6171875
1888,w,1,1,0,1,0.0
1888,w,1,1,1,0,2.46875
1888,w,1,1,1,1,16.6640625
1888,u,0,0,0,0,0.5761363636363654
1888,u,0,0,0,1,0.0
1888,u,0,0,1,0,2.3045454545454547
1888,u,0,0,1,1,28.80681818181818
1888,u,0,1,0,0,0.330078125
1888,u,0,1,0,1,0.0
1888,u,0,1,1,0,1.3203125
1888,u,0,1,1,1,8.912109375
1888,u,1,0,0,0,0.06818181818181834
1888,u,1,0,0,1,0.0
1888,u,1,0,1,0,0.2727272727272725
1888,u,1,0,1,1,3.409090909090909
1888,u,1,1,0,0,0.0390625
1888,u,1,1,0,1,0.0
1888,u,1,1,1,0,0.15625
1888,u,1,1,1,1,1.0546875
1889,m,0,0,0,0,3.28125
1889,m,0,0,0,1,0.0
1889,m,0,0,1,0,13.125
1889,m,0,0,1,1,164.0625
1889,m,0,1,0,0,1.8798828125
1889,m,0,1,0,1,0.0
1889,m,0,1,1,0,7.51953125
1889,m,0,1,1,1,50.7568359375
1889,m,1,0,0,0,0.8454545454545439
1889,m,1,0,0,1,0.0
1889,m,1,0,1,0,3.3818181818181827
1889,m,1,0,1,1,42.27272727272727
1889,m,1,1,0,0,0.484375
1889,m,1,1,0,1,0.0
1889,m,1,1,1,0,1.9375
1889,m,1,1,1,1,13.078125
1889,w,0,0,0,0,2.39318181818183
1889,w,0,0,0,1,0.0
1889,w,0,0,1,0,9.572727272727263
1889,w,0,0,1,1,119.6590909090909
1889,w,0,1,0,0,1.37109375
1889,w,0,1,0,1,0.0
1889,w,0,1,1,0,5.484375
1889,w,0,1,1,1,37.01953125
1889,w,1,0,0,0,1.2272727272727337
1889,w,1,0,0,1,0.0
1889,w,1,0,1,0,4.9090909090909065
1889,w,1,0,1,1,61.36363636363636
1889,w,1,1,0,0,0.703125
1889,w,1,1,0,1,0.0
1889,w,1,1,1,0,2.8125
1889,w,1,1,1,1,18.984375
1889,u,0,0,0,0,0.5607954545454561
1889,u,0,0,0,1,0.0
1889,u,0,0,1,0,2.2431818181818173
1889,u,0,0,1,1,28.039772727272727
1889,u,0,1,0,0,0.3212890625
1889,u,0,1,0,1,0.0
1889,u,0,1,1,0,1.28515625
1889,u,0,1,1,1,8.6748046875
1889,u,1,0,0,0,0.06818181818181834
1889,u,1,0,0,1,0.0
1889,u,1,0,1,0,0.2727272727272725
1889,u,1,0,1,1,3.409090909090909
1889,u,1,1,0,0,0.0390625
1889,u,1,1,0,1,0.0
1889,u,1,1,1,0,0.15625
1889,u,1,1,1,1,1.0546875
1890,m,0,0,0,0,3.4124999999999943
1890,m,0,0,0,1,0.0
1890,m,0,0,1,0,13.650000000000006
1890,m,0,0,1,1,170.625
1890,m,0,1,0,0,1.955078125
1890,m,0,1,0,1,0.0
1890,m,0,1,1,0,7.8203125
1890,m,0,1,1,1,52.787109375
1890,m,1,0,0,0,1.0363636363636388
1890,m,1,0,0,1,0.0
1890,m,1,0,1,0,4.145454545454548
1890,m,1,0,1,1,51.81818181818181
1890,m,1,1,0,0,0.59375
1890,m,1,1,0,1,0.0
1890,m,1,1,1,0,2.375
1890,m,1,1,1,1,16.03125
1890,w,0,0,0,0,2.466477272727275
1890,w,0,0,0,1,0.0
1890,w,0,0,1,0,9.8659090909091
1890,w,0,0,1,1,123.32386363636363
1890,w,0,1,0,0,1.4130859375
1890,w,0,1,0,1,0.0
1890,w,0,1,1,0,5.65234375
1890,w,0,1,1,1,38.1533203125
1890,w,1,0,0,0,1.2000000000000028
1890,w,1,0,0,1,0.0
1890,w,1,0,1,0,4.799999999999997
1890,w,1,0,1,1,60.0
1890,w,1,1,0,0,0.6875
1890,w,1,1,0,1,0.0
1890,w,1,1,1,0,2.75
1890,w,1,1,1,1,18.5625
1890,u,0,0,0,0,0.5607954545454561
1890,u,0,0,0,1,0.0
1890,u,0,0,1,0,2.2431818181818173
1890,u,0,0,1,1,28.039772727272727
1890,u,0,1,0,0,0.3212890625
1890,u,0,1,0,1,0.0
1890,u,0,1,1,0,1.28515625
1890,u,0,1,1,1,8.6748046875
1890,u,1,0,0,0,0.06818181818181834
1890,u,1,0,0,1,0.0
1890,u,1,0,1,0,0.2727272727272725
1890,u,1,0,1,1,3.409090909090909
1890,u,1,1,0,0,0.0390625
1890,u,1,1,0,1,0.0
1890,u,1,1,1,0,0.15625
1890,u,1,1,1,1,1.0546875
1891,m,0,0,0,0,3.2335227272727423
1891,m,0,0,0,1,0.0
1891,m,0,0,1,0,12.934090909090912
1891,m,0,0,1,1,161.67613636363635
1891,m,0,1,0,0,1.8525390625
1891,m,0,1,0,1,0.0
1891,m,0,1,1,0,7.41015625
1891,m,0,1,1,1,50.0185546875
1891,m,1,0,0,0,1.077272727272728
1891,m,1,0,0,1,0.0
1891,m,1,0,1,0,4.309090909090912
1891,m,1,0,1,1,53.86363636363636
1891,m,1,1,0,0,0.6171875
1891,m,1,1,0,1,0.0
1891,m,1,1,1,0,2.46875
1891,m,1,1,1,1,16.6640625
1891,w,0,0,0,0,2.394886363636374
1891,w,0,0,0,1,0.0
1891,w,0,0,1,0,9.579545454545453
1891,w,0,0,1,1,119.74431818181817
1891,w,0,1,0,0,1.3720703125
1891,w,0,1,0,1,0.0
1891,w,0,1,1,0,5.48828125
1891,w,0,1,1,1,37.0458984375
1891,w,1,0,0,0,1.1181818181818173
1891,w,1,0,0,1,0.0
1891,w,1,0,1,0,4.472727272727276
1891,w,1,0,1,1,55.90909090909091
1891,w,1,1,0,0,0.640625
1891,w,1,1,0,1,0.0
1891,w,1,1,1,0,2.5625
1891,w,1,1,1,1,17.296875
1891,u,0,0,0,0,0.5198863636363633
1891,u,0,0,0,1,0.0
1891,u,0,0,1,0,2.079545454545457
1891,u,0,0,1,1,25.99431818181818
1891,u,0,1,0,0,0.2978515625
1891,u,0,1,0,1,0.0
1891,u,0,1,1,0,1.19140625
1891,u,0,1,1,1,8.0419921875
1891,u,1,0,0,0,0.10909090909090935
1891,u,1,0,0,1,0.0
1891,u,1,0,1,0,0.4363636363636365
1891,u,1,0,1,1,5.454545454545454
1891,u,1,1,0,0,0.0625
1891,u,1,1,0,1,0.0
1891,u,1,1,1,0,0.25
1891,u,1,1,1,1,1.6875
1892,m,0,0,0,0,3.871022727272731
1892,m,0,0,0,1,0.0
1892,m,0,0,1,0,15.484090909090924
1892,m,0,0,1,1,193.55113636363635
1892,m,0,1,0,0,2.2177734375
1892,m,0,1,0,1,0.0
1892,m,0,1,1,0,8.87109375
1892,m,0,1,1,1,59.8798828125
1892,m,1,0,0,0,0.8999999999999986
1892,m,1,0,0,1,0.0
1892,m,1,0,1,0,3.6000000000000014
1892,m,1,0,1,1,45.0
1892,m,1,1,0,0,0.515625
1892,m,1,1,0,1,0.0
1892,m,1,1,1,0,2.0625
1892,m,1,1,1,1,13.921875
1892,w,0,0,0,0,2.4937500000000057
1892,w,0,0,0,1,0.0
1892,w,0,0,1,0,9.974999999999994
1892,w,0,0,1,1,124.6875
1892,w,0,1,0,0,1.4287109375
1892,w,0,1,0,1,0.0
1892,w,0,1,1,0,5.71484375
1892,w,0,1,1,1,38.5751953125
1892,w,1,0,0,0,1.2954545454545467
1892,w,1,0,0,1,0.0
1892,w,1,0,1,0,5.181818181818187
1892,w,1,0,1,1,64.77272727272727
1892,w,1,1,0,0,0.7421875
1892,w,1,1,0,1,0.0
1892,w,1,1,1,0,2.96875
1892,w,1,1,1,1,20.0390625
1892,u,0,0,0,0,0.6494318181818173
1892,u,0,0,0,1,0.0
1892,u,0,0,1,0,2.597727272727276
1892,u,0,0,1,1,32.47159090909091
1892,u,0,1,0,0,0.3720703125
1892,u,0,1,0,1,0.0
1892,u,0,1,1,0,1.48828125
1892,u,0,1,1,1,10.0458984375
1892,u,1,0,0,0,0.040909090909091006
1892,u,1,0,0,1,0.0
1892,u,1,0,1,0,0.16363636363636358
1892,u,1,0,1,1,2.0454545454545454
1892,u,1,1,0,0,0.0234375
1892,u,1,1,0,1,0.0
1892,u,1,1,1,0,0.09375
1892,u,1,1,1,1,0.6328125
1893,m,0,0,0,0,3.8590909090909236
1893,m,0,0,0,1,0.0
1893,m,0,0,1,0,15.436363636363637
1893,m,0,0,1,1,192.95454545454544
1893,m,0,1,0,0,2.2109375
1893,m,0,1,0,1,0.0
1893,m,0,1,1,0,8.84375
1893,m,0,1,1,1,59.6953125
1893,m,1,0,0,0,1.172727272727272
1893,m,1,0,0,1,0.0
1893,m,1,0,1,0,4.690909090909095
1893,m,1,0,1,1,58.63636363636363
1893,m,1,1,0,0,0.671875
1893,m,1,1,0,1,0.0
1893,m,1,1,1,0,2.6875
1893,m,1,1,1,1,18.140625
1893,w,0,0,0,0,2.609659090909105
1893,w,0,0,0,1,0.0
1893,w,0,0,1,0,10.438636363636363
1893,w,0,0,1,1,130.48295454545453
1893,w,0,1,0,0,1.4951171875
1893,w,0,1,0,1,0.0
1893,w,0,1,1,0,5.98046875
1893,w,0,1,1,1,40.3681640625
1893,w,1,0,0,0,1.240909090909085
1893,w,1,0,0,1,0.0
1893,w,1,0,1,0,4.963636363636368
1893,w,1,0,1,1,62.04545454545455
1893,w,1,1,0,0,0.7109375
1893,w,1,1,0,1,0.0
1893,w,1,1,1,0,2.84375
1893,w,1,1,1,1,19.1953125
1893,u,0,0,0,0,0.6272727272727252
1893,u,0,0,0,1,0.0
1893,u,0,0,1,0,2.5090909090909115
1893,u,0,0,1,1,31.363636363636363
1893,u,0,1,0,0,0.359375
1893,u,0,1,0,1,0.0
1893,u,0,1,1,0,1.4375
1893,u,0,1,1,1,9.703125
1893,u,1,0,0,0,0.10909090909090935
1893,u,1,0,0,1,0.0
1893,u,1,0,1,0,0.4363636363636365
1893,u,1,0,1,1,5.454545454545454
1893,u,1,1,0,0,0.0625
1893,u,1,1,0,1,0.0
1893,u,1,1,1,0,0.25
1893,u,1,1,1,1,1.6875
1894,m,0,0,0,0,4.2528409090909065
1894,m,0,0,0,1,0.0
1894,m,0,0,1,0,17.011363636363654
1894,m,0,0,1,1,212.64204545454544
1894,m,0,1,0,0,2.4365234375
1894,m,0,1,0,1,0.0
1894,m,0,1,1,0,9.74609375
1894,m,0,1,1,1,65.7861328125
1894,m,1,0,0,0,1.009090909090908
1894,m,1,0,0,1,0.0
1894,m,1,0,1,0,4.036363636363639
1894,m,1,0,1,1,50.45454545454545
1894,m,1,1,0,0,0.578125
1894,m,1,1,0,1,0.0
1894,m,1,1,1,0,2.3125
1894,m,1,1,1,1,15.609375
1894,w,0,0,0,0,2.413636363636357
1894,w,0,0,0,1,0.0
1894,w,0,0,1,0,9.65454545454547
1894,w,0,0,1,1,120.68181818181817
1894,w,0,1,0,0,1.3828125
1894,w,0,1,0,1,0.0
1894,w,0,1,1,0,5.53125
1894,w,0,1,1,1,37.3359375
1894,w,1,0,0,0,1.5136363636363654
1894,w,1,0,0,1,0.0
1894,w,1,0,1,0,6.054545454545462
1894,w,1,0,1,1,75.68181818181817
1894,w,1,1,0,0,0.8671875
1894,w,1,1,0,1,0.0
1894,w,1,1,1,0,3.46875
1894,w,1,1,1,1,23.4140625
1894,u,0,0,0,0,0.6715909090909093
1894,u,0,0,0,1,0.0
1894,u,0,0,1,0,2.6863636363636374
1894,u,0,0,1,1,33.57954545454545
1894,u,0,1,0,0,0.384765625
1894,u,0,1,0,1,0.0
1894,u,0,1,1,0,1.5390625
1894,u,0,1,1,1,10.388671875
1894,u,1,0,0,0,0.09545454545454568
1894,u,1,0,0,1,0.0
1894,u,1,0,1,0,0.38181818181818183
1894,u,1,0,1,1,4.7727272727272725
1894,u,1,1,0,0,0.0546875
1894,u,1,1,0,1,0.0
1894,u,1,1,1,0,0.21875
1894,u,1,1,1,1,1.4765625
1895,m,0,0,0,0,5.31306818181821
1895,m,0,0,0,1,0.0
1895,m,0,0,1,0,21.252272727272725
1895,m,0,0,1,1,265.65340909090907
1895,m,0,1,0,0,3.0439453125
1895,m,0,1,0,1,0.0
1895,m,0,1,1,0,12.17578125
1895,m,0,1,1,1,82.1865234375
1895,m,1,0,0,0,0.40909090909091006
1895,m,1,0,0,1,0.0
1895,m,1,0,1,0,1.6363636363636367
1895,m,1,0,1,1,20.454545454545453
1895,m,1,1,0,0,0.234375
1895,m,1,1,0,1,0.0
1895,m,1,1,1,0,0.9375
1895,m,1,1,1,1,6.328125
1895,w,0,0,0,0,3.703977272727286
1895,w,0,0,0,1,0.0
1895,w,0,0,1,0,14.815909090909088
1895,w,0,0,1,1,185.19886363636363
1895,w,0,1,0,0,2.1220703125
1895,w,0,1,0,1,0.0
1895,w,0,1,1,0,8.48828125
1895,w,0,1,1,1,57.2958984375
1895,w,1,0,0,0,0.5454545454545467
1895,w,1,0,0,1,0.0
1895,w,1,0,1,0,2.18181818181818
1895,w,1,0,1,1,27.272727272727273
1895,w,1,1,0,0,0.3125
1895,w,1,1,0,1,0.0
1895,w,1,1,1,0,1.25
1895,w,1,1,1,1,8.4375
1895,u,0,0,0,0,0.8301136363636346
1895,u,0,0,0,1,0.0
1895,u,0,0,1,0,3.3204545454545453
1895,u,0,0,1,1,41.50568181818182
1895,u,0,1,0,0,0.4755859375
1895,u,0,1,0,1,0.0
1895,u,0,1,1,0,1.90234375
1895,u,0,1,1,1,12.8408203125
1895,u,1,0,0,0,0.013636363636363669
1895,u,1,0,0,1,0.0
1895,u,1,0,1,0,0.054545454545454564
1895,u,1,0,1,1,0.6818181818181818
1895,u,1,1,0,0,0.0078125
1895,u,1,1,0,1,0.0
1895,u,1,1,1,0,0.03125
1895,u,1,1,1,1,0.2109375
1896,m,0,0,0,0,5.430681818181824
1896,m,0,0,0,1,0.0
1896,m,0,0,1,0,21.722727272727298
1896,m,0,0,1,1,271.5340909090909
1896,m,0,1,0,0,3.111328125
1896,m,0,1,0,1,0.0
1896,m,0,1,1,0,12.4453125
1896,m,0,1,1,1,84.005859375
1896,m,1,0,0,0,0.24545454545454604
1896,m,1,0,0,1,0.0
1896,m,1,0,1,0,0.9818181818181824
1896,m,1,0,1,1,12.272727272727272
1896,m,1,1,0,0,0.140625
1896,m,1,1,0,1,0.0
1896,m,1,1,1,0,0.5625
1896,m,1,1,1,1,3.796875
1896,w,0,0,0,0,3.789204545454538
1896,w,0,0,0,1,0.0
1896,w,0,0,1,0,15.156818181818181
1896,w,0,0,1,1,189.46022727272728
1896,w,0,1,0,0,2.1708984375
1896,w,0,1,0,1,0.0
1896,w,0,1,1,0,8.68359375
1896,w,0,1,1,1,58.6142578125
1896,w,1,0,0,0,0.24545454545454604
1896,w,1,0,0,1,0.0
1896,w,1,0,1,0,0.9818181818181824
1896,w,1,0,1,1,12.272727272727272
1896,w,1,1,0,0,0.140625
1896,w,1,1,0,1,0.0
1896,w,1,1,1,0,0.5625
1896,w,1,1,1,1,3.796875
1896,u,0,0,0,0,0.8164772727272762
1896,u,0,0,0,1,0.0
1896,u,0,0,1,0,3.2659090909090907
1896,u,0,0,1,1,40.82386363636363
1896,u,0,1,0,0,0.4677734375
1896,u,0,1,0,1,0.0
1896,u,0,1,1,0,1.87109375
1896,u,0,1,1,1,12.6298828125
1896,u,1,0,0,0,0.027272727272727337
1896,u,1,0,0,1,0.0
1896,u,1,0,1,0,0.10909090909090913
1896,u,1,0,1,1,1.3636363636363635
1896,u,1,1,0,0,0.015625
1896,u,1,1,0,1,0.0
1896,u,1,1,1,0,0.0625
1896,u,1,1,1,1,0.421875
1897,m,0,0,0,0,6.34431818181821
1897,m,0,0,0,1,0.0
1897,m,0,0,1,0,25.377272727272725
1897,m,0,0,1,1,317.21590909090907
1897,m,0,1,0,0,3.634765625
1897,m,0,1,0,1,0.0
1897,m,0,1,1,0,14.5390625
1897,m,0,1,1,1,98.138671875
1897,m,1,0,0,0,0.06818181818181834
1897,m,1,0,0,1,0.0
1897,m,1,0,1,0,0.2727272727272725
1897,m,1,0,1,1,3.409090909090909
1897,m,1,1,0,0,0.0390625
1897,m,1,1,0,1,0.0
1897,m,1,1,1,0,0.15625
1897,m,1,1,1,1,1.0546875
1897,w,0,0,0,0,4.438636363636363
1897,w,0,0,0,1,0.0
1897,w,0,0,1,0,17.75454545454545
1897,w,0,0,1,1,221.9318181818182
1897,w,0,1,0,0,2.54296875
1897,w,0,1,0,1,0.0
1897,w,0,1,1,0,10.171875
1897,w,0,1,1,1,68.66015625
1897,w,1,0,0,0,0.040909090909091006
1897,w,1,0,0,1,0.0
1897,w,1,0,1,0,0.16363636363636358
1897,w,1,0,1,1,2.0454545454545454
1897,w,1,1,0,0,0.0234375
1897,w,1,1,0,1,0.0
1897,w,1,1,1,0,0.09375
1897,w,1,1,1,1,0.6328125
1897,u,0,0,0,0,0.9664772727272748
1897,u,0,0,0,1,0.0
1897,u,0,0,1,0,3.865909090909092
1897,u,0,0,1,1,48.32386363636363
1897,u,0,1,0,0,0.5537109375
1897,u,0,1,0,1,0.0
1897,u,0,1,1,0,2.21484375
1897,u,0,1,1,1,14.9501953125
1897,u,1,0,0,0,0.0
1897,u,1,0,0,1,0.0
1897,u,1,0,1,0,0.0
1897,u,1,0,1,1,0.0
1897,u,1,1,0,0,0.0
1897,u,1,1,0,1,0.0
1897,u,1,1,1,0,0.0
1897,u,1,1,1,1,0.0
1898,m,0,0,0,0,6.446590909090901
1898,m,0,0,0,1,0.0
1898,m,0,0,1,0,25.78636363636366
1898,m,0,0,1,1,322.32954545454544
1898,m,0,1,0,0,3.693359375
1898,m,0,1,0,1,0.0
1898,m,0,1,1,0,14.7734375
1898,m,0,1,1,1,99.720703125
1898,m,1,0,0,0,0.027272727272727337
1898,m,1,0,0,1,0.0
1898,m,1,0,1,0,0.10909090909090913
1898,m,1,0,1,1,1.3636363636363635
1898,m,1,1,0,0,0.015625
1898,m,1,1,0,1,0.0
1898,m,1,1,1,0,0.0625
1898,m,1,1,1,1,0.421875
1898,w,0,0,0,0,4.419886363636351
1898,w,0,0,0,1,0.0
1898,w,0,0,1,0,17.679545454545462
1898,w,0,0,1,1,220.9943181818182
1898,w,0,1,0,0,2.5322265625
1898,w,0,1,0,1,0.0
1898,w,0,1,1,0,10.12890625
1898,w,0,1,1,1,68.3701171875
1898,w,1,0,0,0,0.013636363636363669
1898,w,1,0,0,1,0.0
1898,w,1,0,1,0,0.054545454545454564
1898,w,1,0,1,1,0.6818181818181818
1898,w,1,1,0,0,0.0078125
1898,w,1,1,0,1,0.0
1898,w,1,1,1,0,0.03125
1898,w,1,1,1,1,0.2109375
1898,u,0,0,0,0,0.9818181818181841
1898,u,0,0,0,1,0.0
1898,u,0,0,1,0,3.9272727272727295
1898,u,0,0,1,1,49.090909090909086
1898,u,0,1,0,0,0.5625
1898,u,0,1,0,1,0.0
1898,u,0,1,1,0,2.25
1898,u,0,1,1,1,15.1875
1898,u,1,0,0,0,0.0
1898,u,1,0,0,1,0.0
1898,u,1,0,1,0,0.0
1898,u,1,0,1,1,0.0
1898,u,1,1,0,0,0.0
1898,u,1,1,0,1,0.0
1898,u,1,1,1,0,0.0
1898,u,1,1,1,1,0.0
1899,m,0,0,0,0,6.71931818181821
1899,m,0,0,0,1,0.0
1899,m,0,0,1,0,26.877272727272725
1899,m,0,0,1,1,335.96590909090907
1899,m,0,1,0,0,3.849609375
1899,m,0,1,0,1,0.0
1899,m,0,1,1,0,15.3984375
1899,m,0,1,1,1,103.939453125
1899,m,1,0,0,0,0.0
1899,m,1,0,0,1,0.0
1899,m,1,0,1,0,0.0
1899,m,1,0,1,1,0.0
1899,m,1,1,0,0,0.0
1899,m,1,1,0,1,0.0
1899,m,1,1,1,0,0.0
1899,m,1,1,1,1,0.0
1899,w,0,0,0,0,4.494886363636368
1899,w,0,0,0,1,0.0
1899,w,0,0,1,0,17.979545454545445
1899,w,0,0,1,1,224.7443181818182
1899,w,0,1,0,0,2.5751953125
1899,w,0,1,0,1,0.0
1899,w,0,1,1,0,10.30078125
1899,w,0,1,1,1,69.5302734375
1899,w,1,0,0,0,0.0
1899,w,1,0,0,1,0.0
1899,w,1,0,1,0,0.0
1899,w,1,0,1,1,0.0
1899,w,1,1,0,0,0.0
1899,w,1,1,0,1,0.0
1899,w,1,1,1,0,0.0
1899,w,1,1,1,1,0.0
1899,u,0,0,0,0,1.0278409090909122
1899,u,0,0,0,1,0.0
1899,u,0,0,1,0,4.1113636363636346
1899,u,0,0,1,1,51.39204545454545
1899,u,0,1,0,0,0.5888671875
1899,u,0,1,0,1,0.0
1899,u,0,1,1,0,2.35546875
1899,u,0,1,1,1,15.8994140625
1899,u,1,0,0,0,0.0
1899,u,1,0,0,1,0.0
1899,u,1,0,1,0,0.0
1899,u,1,0,1,1,0.0
1899,u,1,1,0,0,0.0
1899,u,1,1,0,1,0.0
1899,u,1,1,1,0,0.0
1899,u,1,1,1,1,0.0
1900,m,0,0,0,0,6.657954545454572
1900,m,0,0,0,1,0.0
1900,m,0,0,1,0,26.631818181818176
1900,m,0,0,1,1,332.89772727272725
1900,m,0,1,0,0,3.814453125
1900,m,0,1,0,1,0.0
1900,m,0,1,1,0,15.2578125
1900,m,0,1,1,1,102.990234375
1900,m,1,0,0,0,0.0
1900,m,1,0,0,1,0.0
1900,m,1,0,1,0,0.0
1900,m,1,0,1,1,0.0
1900,m,1,1,0,0,0.0
1900,m,1,1,0,1,0.0
1900,m,1,1,1,0,0.0
1900,m,1,1,1,1,0.0
1900,w,0,0,0,0,4.341477272727275
1900,w,0,0,0,1,0.0
1900,w,0,0,1,0,17.3659090909091
1900,w,0,0,1,1,217.07386363636363
1900,w,0,1,0,0,2.4873046875
1900,w,0,1,0,1,0.0
1900,w,0,1,1,0,9.94921875
1900,w,0,1,1,1,67.1572265625
1900,w,1,0,0,0,0.0
1900,w,1,0,0,1,0.0
1900,w,1,0,1,0,0.0
1900,w,1,0,1,1,0.0
1900,w,1,1,0,0,0.0
1900,w,1,1,0,1,0.0
1900,w,1,1,1,0,0.0
1900,w,1,1,1,1,0.0
1900,u,0,0,0,0,1.058522727272731
1900,u,0,0,0,1,0.0
1900,u,0,0,1,0,4.234090909090909
1900,u,0,0,1,1,52.92613636363636
1900,u,0,1,0,0,0.6064453125
1900,u,0,1,0,1,0.0
1900,u,0,1,1,0,2.42578125
1900,u,0,1,1,1,16.3740234375
1900,u,1,0,0,0,0.0
1900,u,1,0,0,1,0.0
1900,u,1,0,1,0,0.0
1900,u,1,0,1,1,0.0
1900,u,1,1,0,0,0.0
1900,u,1,1,0,1,0.0
1900,u,1,1,1,0,0.0
1900,u,1,1,1,1,0.0
1901,m,0,0,0,0,6.489204545454527
1901,m,0,0,0,1,0.0
1901,m,0,0,1,0,25.95681818181822
1901,m,0,0,1,1,324.46022727272725
1901,m,0,1,0,0,3.7177734375
1901,m,0,1,0,1,0.0
1901,m,0,1,1,0,14.87109375
1901,m,0,1,1,1,100.3798828125
1901,m,1,0,0,0,0.0
1901,m,1,0,0,1,0.0
1901,m,1,0,1,0,0.0
1901,m,1,0,1,1,0.0
1901,m,1,1,0,0,0.0
1901,m,1,1,0,1,0.0
1901,m,1,1,1,0,0.0
1901,m,1,1,1,1,0.0
1901,w,0,0,0,0,4.21875
1901,w,0,0,0,1,0.0
1901,w,0,0,1,0,16.875
1901,w,0,0,1,1,210.9375
1901,w,0,1,0,0,2.4169921875
1901,w,0,1,0,1,0.0
1901,w,0,1,1,0,9.66796875
1901,w,0,1,1,1,65.2587890625
1901,w,1,0,0,0,0.0
1901,w,1,0,0,1,0.0
1901,w,1,0,1,0,0.0
1901,w,1,0,1,1,0.0
1901,w,1,1,0,0,0.0
1901,w,1,1,0,1,0.0
1901,w,1,1,1,0,0.0
1901,w,1,1,1,1,0.0
1901,u,0,0,0,0,1.0278409090909122
1901,u,0,0,0,1,0.0
1901,u,0,0,1,0,4.1113636363636346
1901,u,0,0,1,1,51.39204545454545
1901,u,0,1,0,0,0.5888671875
1901,u,0,1,0,1,0.0
1901,u,0,1,1,0,2.35546875
1901,u,0,1,1,1,15.8994140625
1901,u,1,0,0,0,0.0
1901,u,1,0,0,1,0.0
1901,u,1,0,1,0,0.0
1901,u,1,0,1,1,0.0
1901,u,1,1,0,0,0.0
1901,u,1,1,0,1,0.0
1901,u,1,1,1,0,0.0
1901,u,1,1,1,1,0.0
